transcription_type,receipt_id,banner_id,total,transaction_date,transaction_time,sr_no,item_type,qty,upc,price,per_item,rejection_reason,worker_id,image_1,image_2,image_3,image_4,image_5,image_6,image_7,image_8,image_9
UPC,741549034,walgreens,66.84,04/28/2019,,1,Item,,,,,,,741549034_1,741549034_2,,,,,,,
UPC,742489131,meijer,53.12,05/02/2019,,1,Item,,,,,,,742489131_1,742489131_2,,,,,,,
UPC,742503790,walmart,16.32,04/24/2019,,1,Item,,,,,,,742503790_1,,,,,,,,
UPC,742543580,walgreens,0.0,05/02/2019,,1,Item,,,,,,,742543580_1,742543580_2,,,,,,,
UPC,742568888,dollar_general,10.79,05/02/2019,,1,Item,,,,,,,742568888_1,,,,,,,,
UPC,742791854,walgreens,13.97,04/28/2019,,1,Item,,,,,,,742791854_1,,,,,,,,
UPC,742945596,meijer,5.22,05/01/2019,,1,Item,,,,,,,742945596_1,,,,,,,,
UPC,743021937,commissary,40.07,05/03/2019,,1,Item,,,,,,,743021937_1,743021937_2,,,,,,,
UPC,743285683,walgreens,0.0,05/03/2019,,1,Item,,,,,,,743285683_1,,,,,,,,
UPC,743290196,walgreens,0.0,05/03/2019,,1,Item,,,,,,,743290196_1,,,,,,,,
UPC,743354286,walgreens,0.0,05/01/2019,,1,Item,,,,,,,743354286_1,,,,,,,,
UPC,743433516,walmart,14.86,05/03/2019,,1,Item,,,,,,,743433516_1,,,,,,,,
UPC,743604935,meijer,39.37,05/04/2019,,1,Item,,,,,,,743604935_1,743604935_2,,,,,,,
UPC,743655622,walmart,95.88,04/23/2019,,1,Item,,,,,,,743655622_1,,,,,,,,
UPC,744035540,meijer,11.34,05/04/2019,,1,Item,,,,,,,744035540_1,744035540_2,,,,,,,
UPC,744237692,walmart,68.23,04/28/2019,,1,Item,,,,,,,744237692_1,744237692_2,,,,,,,
UPC,744303473,meijer,160.81,05/04/2019,,1,Item,,,,,,,744303473_1,744303473_2,744303473_3,,,,,,
UPC,744357934,walmart,44.12,05/04/2019,,1,Item,,,,,,,744357934_1,,,,,,,,
UPC,744381217,bjs,25.88,05/03/2019,,1,Item,,,,,,,744381217_1,,,,,,,,
UPC,744390715,walgreens,11.08,05/04/2019,,1,Item,,,,,,,744390715_1,744390715_2,,,,,,,
UPC,745031985,walmart,109.05,05/04/2019,,1,Item,,,,,,,745031985_1,745031985_2,,,,,,,
UPC,745063946,walgreens,7.99,05/06/2019,,1,Item,,,,,,,745063946_1,,,,,,,,
UPC,745404542,walmart,33.53,05/05/2019,,1,Item,,,,,,,745404542_1,,,,,,,,
UPC,745497537,walgreens,11.84,05/06/2019,,1,Item,,,,,,,745497537_1,,,,,,,,
UPC,745497746,walgreens,33.58,05/03/2019,,1,Item,,,,,,,745497746_1,,,,,,,,
UPC,745654174,walmart,44.98,05/05/2019,,1,Item,,,,,,,745654174_1,,,,,,,,
UPC,745654240,walmart,16.8,05/05/2019,,1,Item,,,,,,,745654240_1,,,,,,,,
UPC,745654414,walmart,21.03,05/02/2019,,1,Item,,,,,,,745654414_1,745654414_2,,,,,,,
UPC,745654889,walmart,66.68,05/04/2019,,1,Item,,,,,,,745654889_1,,,,,,,,
UPC,745659362,bjs,43.37,05/04/2019,,1,Item,,,,,,,745659362_1,,,,,,,,
UPC,745660528,bed_bath_and_beyond,40.07,05/05/2019,,1,Item,,,,,,,745660528_1,,,,,,,,
UPC,745660971,dollar_general,4.35,05/06/2019,,1,Item,,,,,,,745660971_1,,,,,,,,
UPC,745667139,meijer,23.18,05/06/2019,,1,Item,,,,,,,745667139_1,,,,,,,,
UPC,745668473,discount_drug_mart,33.47,04/30/2019,,1,Item,,,,,,,745668473_1,745668473_2,,,,,,,
UPC,745668998,discount_drug_mart,39.78,05/03/2019,,1,Item,,,,,,,745668998_1,,,,,,,,
UPC,745669219,walmart,34.65,05/05/2019,,1,Item,,,,,,,745669219_1,,,,,,,,
UPC,745672800,walmart,28.28,05/06/2019,,1,Item,,,,,,,745672800_1,,,,,,,,
UPC,745673659,walmart,47.11,05/06/2019,,1,Item,,,,,,,745673659_1,,,,,,,,
UPC,745674670,meijer,188.36,05/06/2019,,1,Item,,,,,,,745674670_1,745674670_2,745674670_3,,,,,,
UPC,745674988,walmart,24.24,05/06/2019,,1,Item,,,,,,,745674988_1,,,,,,,,
UPC,745675770,walmart,73.29,05/06/2019,,1,Item,,,,,,,745675770_1,,,,,,,,
UPC,745676145,walmart,40.12,05/04/2019,,1,Item,,,,,,,745676145_1,,,,,,,,
UPC,745680071,cub,182.05,05/06/2019,,1,Item,,,,,,,745680071_1,745680071_2,745680071_3,745680071_4,745680071_5,,,,
UPC,745681499,walmart,33.47,05/06/2019,,1,Item,,,,,,,745681499_1,,,,,,,,
UPC,745681678,walgreens,13.6,04/30/2019,,1,Item,,,,,,,745681678_1,,,,,,,,
UPC,745681686,walmart,10.9,05/05/2019,,1,Item,,,,,,,745681686_1,,,,,,,,
UPC,745683160,ulta_beauty_supply,81.05,05/06/2019,,1,Item,,,,,,,745683160_1,745683160_2,,,,,,,
UPC,745684059,bjs,50.89,05/05/2019,,1,Item,,,,,,,745684059_1,745684059_2,745684059_3,,,,,,
UPC,745684339,kmart,46.82,05/04/2019,,1,Item,,,,,,,745684339_1,745684339_2,745684339_3,,,,,,
UPC,745684536,meijer,42.3,04/26/2019,,1,Item,,,,,,,745684536_1,745684536_2,,,,,,,
UPC,745684814,walmart,39.38,05/03/2019,,1,Item,,,,,,,745684814_1,,,,,,,,
UPC,745684942,harps_food_store,14.04,05/05/2019,,1,Item,,,,,,,745684942_1,,,,,,,,
UPC,745685174,cub,6.78,04/27/2019,,1,Item,,,,,,,745685174_1,745685174_2,,,,,,,
UPC,745685392,walgreens,45.32,05/07/2019,,1,Item,,,,,,,745685392_1,745685392_2,,,,,,,
UPC,745685480,walmart,49.07,05/05/2019,,1,Item,,,,,,,745685480_1,,,,,,,,
UPC,745685513,bjs,136.74,05/04/2019,,1,Item,,,,,,,745685513_1,745685513_2,745685513_3,745685513_4,,,,,
UPC,745686537,bjs,27.04,05/04/2019,,1,Item,,,,,,,745686537_1,745686537_2,,,,,,,
UPC,745686624,bjs,126.73,04/28/2019,,1,Item,,,,,,,745686624_1,,,,,,,,
UPC,745686764,shoppers,1.38,05/02/2019,,1,Item,,,,,,,745686764_1,,,,,,,,
UPC,745687112,exchange,147.0,05/03/2019,,1,Item,,,,,,,745687112_1,,,,,,,,
UPC,745687130,commissary,211.47,05/05/2019,,1,Item,,,,,,,745687130_1,745687130_2,745687130_3,745687130_4,,,,,
UPC,745688621,discount_drug_mart,24.29,05/04/2019,,1,Item,,,,,,,745688621_1,,,,,,,,
UPC,745688713,winco_foods,102.87,04/27/2019,,1,Item,,,,,,,745688713_1,745688713_2,,,,,,,
UPC,745689276,bed_bath_and_beyond,18.46,05/06/2019,,1,Item,,,,,,,745689276_1,,,,,,,,
UPC,745689559,walgreens,24.12,05/07/2019,,1,Item,,,,,,,745689559_1,,,,,,,,
UPC,745689632,bjs,10.99,05/06/2019,,1,Item,,,,,,,745689632_1,,,,,,,,
UPC,745689834,fred_meyer,35.82,05/05/2019,,1,Item,,,,,,,745689834_1,745689834_2,,,,,,,
UPC,745690344,walgreens,34.39,05/04/2019,,1,Item,,,,,,,745690344_1,,,,,,,,
UPC,745690622,walgreens,5.98,05/07/2019,,1,Item,,,,,,,745690622_1,,,,,,,,
UPC,745690686,family_dollar,3.15,04/25/2019,,1,Item,,,,,,,745690686_1,,,,,,,,
UPC,745690926,fred_meyer,6.58,05/06/2019,,1,Item,,,,,,,745690926_1,,,,,,,,
UPC,745691522,bed_bath_and_beyond,24.95,05/03/2019,,1,Item,,,,,,,745691522_1,745691522_2,,,,,,,
UPC,745691827,exchange,2.68,05/06/2019,,1,Item,,,,,,,745691827_1,,,,,,,,
UPC,745692192,walmart,44.58,05/03/2019,,1,Item,,,,,,,745692192_1,,,,,,,,
UPC,745692430,dollar_general,43.31,05/04/2019,,1,Item,,,,,,,745692430_1,745692430_2,,,,,,,
UPC,745692798,walgreens,14.01,05/07/2019,,1,Item,,,,,,,745692798_1,745692798_2,,,,,,,
UPC,745692836,walmart,51.64,05/04/2019,,1,Item,,,,,,,745692836_1,,,,,,,,
UPC,745693457,walmart,90.35,05/05/2019,,1,Item,,,,,,,745693457_1,745693457_2,,,,,,,
UPC,745693732,bjs,86.52,05/04/2019,,1,Item,,,,,,,745693732_1,745693732_2,,,,,,,
UPC,745694442,walgreens,10.38,05/07/2019,,1,Item,,,,,,,745694442_1,,,,,,,,
UPC,745694496,walgreens,11.95,05/06/2019,,1,Item,,,,,,,745694496_1,745694496_2,,,,,,,
UPC,745694557,walgreens,24.21,05/06/2019,,1,Item,,,,,,,745694557_1,,,,,,,,
UPC,745694614,ulta_beauty_supply,50.01,05/06/2019,,1,Item,,,,,,,745694614_1,745694614_2,,,,,,,
UPC,745694856,the_vitamin_shoppe,44.15,05/04/2019,,1,Item,,,,,,,745694856_1,745694856_2,,,,,,,
UPC,745694975,family_dollar,9.61,05/03/2019,,1,Item,,,,,,,745694975_1,,,,,,,,
UPC,745695282,commissary,62.52,04/29/2019,,1,Item,,,,,,,745695282_1,745695282_2,,,,,,,
UPC,745695896,walgreens,10.56,05/06/2019,,1,Item,,,,,,,745695896_1,,,,,,,,
UPC,745695951,bed_bath_and_beyond,12.33,05/06/2019,,1,Item,,,,,,,745695951_1,,,,,,,,
UPC,745696297,bjs,46.12,05/06/2019,,1,Item,,,,,,,745696297_1,,,,,,,,
UPC,745696346,walmart,75.96,05/04/2019,,1,Item,,,,,,,745696346_1,,,,,,,,
UPC,745696450,bjs,56.05,05/06/2019,,1,Item,,,,,,,745696450_1,,,,,,,,
UPC,745696969,walgreens,30.72,05/06/2019,,1,Item,,,,,,,745696969_1,745696969_2,,,,,,,
UPC,745697083,walmart,86.08,05/06/2019,,1,Item,,,,,,,745697083_1,,,,,,,,
UPC,745697213,bjs,34.62,05/06/2019,,1,Item,,,,,,,745697213_1,,,,,,,,
UPC,745697427,meijer,2.18,05/06/2019,,1,Item,,,,,,,745697427_1,745697427_2,745697427_3,,,,,,
UPC,745697471,bjs,226.27,05/06/2019,,1,Item,,,,,,,745697471_1,,,,,,,,
UPC,745698242,walgreens,2.7,05/04/2019,,1,Item,,,,,,,745698242_1,,,,,,,,
UPC,745698314,walgreens,9.55,05/07/2019,,1,Item,,,,,,,745698314_1,,,,,,,,
UPC,745698662,walmart,118.54,04/26/2019,,1,Item,,,,,,,745698662_1,745698662_2,745698662_3,,,,,,
UPC,745698721,walgreens,47.36,05/06/2019,,1,Item,,,,,,,745698721_1,745698721_2,745698721_3,,,,,,
UPC,745699056,total_wine_n_more,45.36,05/06/2019,,1,Item,,,,,,,745699056_1,745699056_2,,,,,,,
UPC,745699338,meijer,20.0,04/27/2019,,1,Item,,,,,,,745699338_1,745699338_2,,,,,,,
UPC,745699766,walgreens,25.53,05/06/2019,,1,Item,,,,,,,745699766_1,,,,,,,,
UPC,745699931,walgreens,14.0,05/06/2019,,1,Item,,,,,,,745699931_1,745699931_2,,,,,,,
UPC,745700089,walgreens,16.17,05/07/2019,,1,Item,,,,,,,745700089_1,745700089_2,,,,,,,
UPC,745700273,dollar_general,8.39,04/27/2019,,1,Item,,,,,,,745700273_1,,,,,,,,
UPC,745700680,walgreens,10.32,05/06/2019,,1,Item,,,,,,,745700680_1,745700680_2,,,,,,,
UPC,745700686,duane_reade,2.16,05/07/2019,,1,Item,,,,,,,745700686_1,,,,,,,,
UPC,745700786,dollar_general,3.75,05/06/2019,,1,Item,,,,,,,745700786_1,,,,,,,,
UPC,745700797,bjs,69.27,05/04/2019,,1,Item,,,,,,,745700797_1,,,,,,,,
UPC,745700939,walgreens,3.4,05/06/2019,,1,Item,,,,,,,745700939_1,745700939_2,,,,,,,
UPC,745701539,winco_foods,25.86,05/06/2019,,1,Item,,,,,,,745701539_1,,,,,,,,
UPC,745701673,walgreens,63.18,05/05/2019,,1,Item,,,,,,,745701673_1,,,,,,,,
UPC,745701727,walmart,247.79,05/06/2019,,1,Item,,,,,,,745701727_1,745701727_2,745701727_3,,,,,,
UPC,745702117,exchange,44.49,05/03/2019,,1,Item,,,,,,,745702117_1,,,,,,,,
UPC,745702390,total_wine_n_more,17.31,05/04/2019,,1,Item,,,,,,,745702390_1,745702390_2,,,,,,,
UPC,745702712,petsmart,31.83,05/06/2019,,1,Item,,,,,,,745702712_1,745702712_2,,,,,,,
UPC,745703396,bed_bath_and_beyond,20.75,05/05/2019,,1,Item,,,,,,,745703396_1,,,,,,,,
UPC,745704036,walmart,23.39,05/04/2019,,1,Item,,,,,,,745704036_1,,,,,,,,
UPC,745704194,walmart,51.16,05/04/2019,,1,Item,,,,,,,745704194_1,,,,,,,,
UPC,745704924,walmart,207.75,05/05/2019,,1,Item,,,,,,,745704924_1,,,,,,,,
UPC,745705552,walgreens,2.3,05/06/2019,,1,Item,,,,,,,745705552_1,,,,,,,,
UPC,745705656,walgreens,22.33,05/06/2019,,1,Item,,,,,,,745705656_1,,,,,,,,
UPC,745705753,dollar_general,2.21,05/06/2019,,1,Item,,,,,,,745705753_1,,,,,,,,
UPC,745705757,walgreens,9.6,05/01/2019,,1,Item,,,,,,,745705757_1,745705757_2,,,,,,,
UPC,745706200,bath_and_body_works,12.72,05/06/2019,,1,Item,,,,,,,745706200_1,,,,,,,,
UPC,745706312,walgreens,25.36,05/06/2019,,1,Item,,,,,,,745706312_1,745706312_2,,,,,,,
UPC,745706735,walgreens,14.36,05/06/2019,,1,Item,,,,,,,745706735_1,,,,,,,,
UPC,745706984,kmart,3.07,05/05/2019,,1,Item,,,,,,,745706984_1,,,,,,,,
UPC,745707041,bjs,19.46,05/05/2019,,1,Item,,,,,,,745707041_1,,,,,,,,
UPC,745707173,staples,16.04,05/06/2019,,1,Item,,,,,,,745707173_1,,,,,,,,
UPC,745707229,walgreens,47.06,05/06/2019,,1,Item,,,,,,,745707229_1,745707229_2,745707229_3,,,,,,
UPC,745707326,walmart,83.59,05/06/2019,,1,Item,,,,,,,745707326_1,,,,,,,,
UPC,745707899,bjs,169.79,05/03/2019,,1,Item,,,,,,,745707899_1,745707899_2,745707899_3,745707899_4,,,,,
UPC,745710097,bed_bath_and_beyond,42.49,05/06/2019,,1,Item,,,,,,,745710097_1,745710097_2,,,,,,,
UPC,745710191,walgreens,3.88,05/05/2019,,1,Item,,,,,,,745710191_1,,,,,,,,
UPC,745710333,discount_drug_mart,1.26,05/06/2019,,1,Item,,,,,,,745710333_1,,,,,,,,
UPC,745710368,kmart,10.0,05/06/2019,,1,Item,,,,,,,745710368_1,,,,,,,,
UPC,745710415,commissary,24.53,05/07/2019,,1,Item,,,,,,,745710415_1,,,,,,,,
UPC,745710454,dollar_general,39.22,05/03/2019,,1,Item,,,,,,,745710454_1,745710454_2,,,,,,,
UPC,745710593,ulta_beauty_supply,18.69,04/23/2019,,1,Item,,,,,,,745710593_1,,,,,,,,
UPC,745711267,dollar_general,3.03,05/05/2019,,1,Item,,,,,,,745711267_1,,,,,,,,
UPC,745711922,bjs,47.4,05/03/2019,,1,Item,,,,,,,745711922_1,,,,,,,,
UPC,745712156,walgreens,10.36,05/05/2019,,1,Item,,,,,,,745712156_1,,,,,,,,
UPC,745712439,total_wine_n_more,23.92,05/06/2019,,1,Item,,,,,,,745712439_1,,,,,,,,
UPC,745712537,walmart,89.96,05/07/2019,,1,Item,,,,,,,745712537_1,745712537_2,,,,,,,
UPC,745712575,exchange,11.75,05/07/2019,,1,Item,,,,,,,745712575_1,745712575_2,,,,,,,
UPC,745712777,walgreens,3.2,05/05/2019,,1,Item,,,,,,,745712777_1,,,,,,,,
UPC,745712948,walgreens,36.2,05/05/2019,,1,Item,,,,,,,745712948_1,745712948_2,,,,,,,
UPC,745713471,walgreens,1.13,05/06/2019,,1,Item,,,,,,,745713471_1,,,,,,,,
UPC,745713550,total_wine_n_more,83.47,05/06/2019,,1,Item,,,,,,,745713550_1,,,,,,,,
UPC,745713781,bjs,167.1,05/06/2019,,1,Item,,,,,,,745713781_1,745713781_2,745713781_3,,,,,,
UPC,745713783,walgreens,3.08,05/07/2019,,1,Item,,,,,,,745713783_1,,,,,,,,
UPC,745714718,ulta_beauty_supply,31.0,05/04/2019,,1,Item,,,,,,,745714718_1,,,,,,,,
UPC,745715016,commissary,170.68,05/07/2019,,1,Item,,,,,,,745715016_1,745715016_2,745715016_3,,,,,,
UPC,745715017,ulta_beauty_supply,26.63,05/04/2019,,1,Item,,,,,,,745715017_1,,,,,,,,
UPC,745715293,ulta_beauty_supply,28.78,05/04/2019,,1,Item,,,,,,,745715293_1,,,,,,,,
UPC,745715440,bjs,53.83,05/06/2019,,1,Item,,,,,,,745715440_1,,,,,,,,
UPC,745715561,dollar_general,20.14,05/07/2019,,1,Item,,,,,,,745715561_1,,,,,,,,
UPC,745715774,commissary,15.2,05/07/2019,,1,Item,,,,,,,745715774_1,,,,,,,,
UPC,745715984,walmart,37.06,05/06/2019,,1,Item,,,,,,,745715984_1,,,,,,,,
UPC,745716017,harps_food_store,68.73,05/01/2019,,1,Item,,,,,,,745716017_1,,,,,,,,
UPC,745716077,walmart,8.08,05/03/2019,,1,Item,,,,,,,745716077_1,,,,,,,,
UPC,745716199,walmart,3.93,05/02/2019,,1,Item,,,,,,,745716199_1,,,,,,,,
UPC,745716688,walgreens,3.98,05/07/2019,,1,Item,,,,,,,745716688_1,745716688_2,,,,,,,
UPC,745717018,the_vitamin_shoppe,0.0,05/06/2019,,1,Item,,,,,,,745717018_1,745717018_2,745717018_3,,,,,,
UPC,745717042,walgreens,4.98,05/06/2019,,1,Item,,,,,,,745717042_1,,,,,,,,
UPC,745717279,exchange,11.41,04/29/2019,,1,Item,,,,,,,745717279_1,,,,,,,,
UPC,745717511,bjs,16.54,05/05/2019,,1,Item,,,,,,,745717511_1,745717511_2,,,,,,,
UPC,745718125,walgreens,13.38,05/03/2019,,1,Item,,,,,,,745718125_1,,,,,,,,
UPC,745718290,dollar_general,19.47,05/07/2019,,1,Item,,,,,,,745718290_1,,,,,,,,
UPC,745718392,cub,14.95,05/06/2019,,1,Item,,,,,,,745718392_1,745718392_2,,,,,,,
UPC,745718394,bed_bath_and_beyond,50.0,04/27/2019,,1,Item,,,,,,,745718394_1,,,,,,,,
UPC,745718477,walmart,162.34,05/06/2019,,1,Item,,,,,,,745718477_1,745718477_2,,,,,,,
UPC,745718833,walmart,81.6,05/03/2019,,1,Item,,,,,,,745718833_1,,,,,,,,
UPC,745719262,harps_food_store,1.12,05/06/2019,,1,Item,,,,,,,745719262_1,,,,,,,,
UPC,745719690,meijer,59.26,04/26/2019,,1,Item,,,,,,,745719690_1,,,,,,,,
UPC,745720222,shopko,18.7,05/06/2019,,1,Item,,,,,,,745720222_1,745720222_2,,,,,,,
UPC,745720343,walmart,1.05,05/04/2019,,1,Item,,,,,,,745720343_1,,,,,,,,
UPC,745720769,walmart,26.04,05/07/2019,,1,Item,,,,,,,745720769_1,,,,,,,,
UPC,745720830,walmart,18.49,05/03/2019,,1,Item,,,,,,,745720830_1,,,,,,,,
UPC,745720968,winco_foods,12.37,05/06/2019,,1,Item,,,,,,,745720968_1,,,,,,,,
UPC,745721011,the_vitamin_shoppe,33.59,05/02/2019,,1,Item,,,,,,,745721011_1,,,,,,,,
UPC,745721030,walgreens,4.28,05/05/2019,,1,Item,,,,,,,745721030_1,,,,,,,,
UPC,745721188,walmart,65.7,04/29/2019,,1,Item,,,,,,,745721188_1,,,,,,,,
UPC,745721237,bjs,39.56,05/05/2019,,1,Item,,,,,,,745721237_1,745721237_2,,,,,,,
UPC,745721425,family_dollar,2.54,05/06/2019,,1,Item,,,,,,,745721425_1,,,,,,,,
UPC,745721784,walgreens,0.0,05/06/2019,,1,Item,,,,,,,745721784_1,,,,,,,,
UPC,745722360,walmart,22.67,05/03/2019,,1,Item,,,,,,,745722360_1,,,,,,,,
UPC,745722427,walgreens,1.8,05/06/2019,,1,Item,,,,,,,745722427_1,745722427_2,,,,,,,
UPC,745722661,walmart,4.33,05/06/2019,,1,Item,,,,,,,745722661_1,,,,,,,,
UPC,745722711,bjs,54.87,04/27/2019,,1,Item,,,,,,,745722711_1,745722711_2,745722711_3,,,,,,
UPC,745722832,walmart,23.72,05/04/2019,,1,Item,,,,,,,745722832_1,,,,,,,,
UPC,745722883,walgreens,31.66,05/07/2019,,1,Item,,,,,,,745722883_1,745722883_2,745722883_3,,,,,,
UPC,745722940,walgreens,2.82,05/03/2019,,1,Item,,,,,,,745722940_1,745722940_2,,,,,,,
UPC,745723297,fred_meyer,12.99,05/06/2019,,1,Item,,,,,,,745723297_1,745723297_2,,,,,,,
UPC,745723385,bed_bath_and_beyond,95.26,04/30/2019,,1,Item,,,,,,,745723385_1,745723385_2,,,,,,,
UPC,745723453,bed_bath_and_beyond,17.62,05/06/2019,,1,Item,,,,,,,745723453_1,745723453_2,745723453_3,,,,,,
UPC,745723567,bjs,20.0,05/07/2019,,1,Item,,,,,,,745723567_1,,,,,,,,
UPC,745723637,bjs,51.7,05/06/2019,,1,Item,,,,,,,745723637_1,745723637_2,745723637_3,,,,,,
UPC,745724443,bjs,167.43,04/28/2019,,1,Item,,,,,,,745724443_1,,,,,,,,
UPC,745724479,exchange,33.84,05/05/2019,,1,Item,,,,,,,745724479_1,,,,,,,,
UPC,745724758,walgreens,12.25,05/04/2019,,1,Item,,,,,,,745724758_1,,,,,,,,
UPC,745725416,walgreens,439.76,05/04/2019,,1,Item,,,,,,,745725416_1,,,,,,,,
UPC,745725437,walmart,10.1,05/06/2019,,1,Item,,,,,,,745725437_1,,,,,,,,
UPC,745725526,walmart,17.33,05/06/2019,,1,Item,,,,,,,745725526_1,,,,,,,,
UPC,745725544,walmart,2.03,05/06/2019,,1,Item,,,,,,,745725544_1,,,,,,,,
UPC,745725558,walmart,80.52,05/06/2019,,1,Item,,,,,,,745725558_1,,,,,,,,
UPC,745725750,bed_bath_and_beyond,7.99,05/06/2019,,1,Item,,,,,,,745725750_1,,,,,,,,
UPC,745725874,walmart,10.54,05/05/2019,,1,Item,,,,,,,745725874_1,,,,,,,,
UPC,745725960,walmart,235.0,05/06/2019,,1,Item,,,,,,,745725960_1,,,,,,,,
UPC,745726149,walmart,35.68,05/06/2019,,1,Item,,,,,,,745726149_1,,,,,,,,
UPC,745726218,dollar_general_market,21.94,04/27/2019,,1,Item,,,,,,,745726218_1,,,,,,,,
UPC,745726666,winco_foods,55.99,05/04/2019,,1,Item,,,,,,,745726666_1,745726666_2,,,,,,,
UPC,745726689,walmart,29.38,05/06/2019,,1,Item,,,,,,,745726689_1,,,,,,,,
UPC,745726924,walmart,22.66,05/06/2019,,1,Item,,,,,,,745726924_1,,,,,,,,
UPC,745727160,winco_foods,59.23,05/06/2019,,1,Item,,,,,,,745727160_1,,,,,,,,
UPC,745727193,walmart,0.58,05/07/2019,,1,Item,,,,,,,745727193_1,,,,,,,,
UPC,745727391,walmart,12.83,05/06/2019,,1,Item,,,,,,,745727391_1,,,,,,,,
UPC,745727533,walgreens,18.29,05/06/2019,,1,Item,,,,,,,745727533_1,,,,,,,,
UPC,745727742,dollar_general_market,10.68,05/05/2019,,1,Item,,,,,,,745727742_1,,,,,,,,
UPC,745727962,walgreens,15.64,05/02/2019,,1,Item,,,,,,,745727962_1,,,,,,,,
UPC,745728011,dollar_general,15.74,05/07/2019,,1,Item,,,,,,,745728011_1,,,,,,,,
UPC,745728222,walmart,15.71,05/06/2019,,1,Item,,,,,,,745728222_1,,,,,,,,
UPC,745728476,cub,16.2,05/06/2019,,1,Item,,,,,,,745728476_1,745728476_2,,,,,,,
UPC,745728581,walmart,59.24,05/07/2019,,1,Item,,,,,,,745728581_1,,,,,,,,
UPC,745728650,walmart,1.0,05/02/2019,,1,Item,,,,,,,745728650_1,,,,,,,,
UPC,745728672,walmart,170.75,05/06/2019,,1,Item,,,,,,,745728672_1,745728672_2,,,,,,,
UPC,745728847,walgreens,35.9,05/05/2019,,1,Item,,,,,,,745728847_1,745728847_2,745728847_3,,,,,,
UPC,745729031,walgreens,46.45,05/03/2019,,1,Item,,,,,,,745729031_1,745729031_2,745729031_3,,,,,,
UPC,745729156,total_wine_n_more,25.4,05/04/2019,,1,Item,,,,,,,745729156_1,745729156_2,745729156_3,,,,,,
UPC,745729381,walmart,7.17,05/06/2019,,1,Item,,,,,,,745729381_1,,,,,,,,
UPC,745729511,dollar_general,7.95,05/04/2019,,1,Item,,,,,,,745729511_1,745729511_2,,,,,,,
UPC,745729559,walmart,18.36,04/25/2019,,1,Item,,,,,,,745729559_1,,,,,,,,
UPC,745729565,walmart,165.18,05/06/2019,,1,Item,,,,,,,745729565_1,745729565_2,745729565_3,,,,,,
UPC,745729651,bjs,4.31,05/07/2019,,1,Item,,,,,,,745729651_1,,,,,,,,
UPC,745729677,walmart,54.35,05/06/2019,,1,Item,,,,,,,745729677_1,,,,,,,,
UPC,745729821,walgreens,31.15,05/01/2019,,1,Item,,,,,,,745729821_1,745729821_2,,,,,,,
UPC,745729828,walmart,42.43,04/25/2019,,1,Item,,,,,,,745729828_1,,,,,,,,
UPC,745729984,petsmart,47.68,05/06/2019,,1,Item,,,,,,,745729984_1,,,,,,,,
UPC,745730080,meijer,31.0,05/07/2019,,1,Item,,,,,,,745730080_1,,,,,,,,
UPC,745730081,commissary,3.25,05/07/2019,,1,Item,,,,,,,745730081_1,,,,,,,,
UPC,745730290,exchange,48.49,05/07/2019,,1,Item,,,,,,,745730290_1,745730290_2,,,,,,,
UPC,745730339,dollar_general,20.54,05/06/2019,,1,Item,,,,,,,745730339_1,,,,,,,,
UPC,745730484,walmart,177.35,05/06/2019,,1,Item,,,,,,,745730484_1,,,,,,,,
UPC,745730552,walmart,24.04,05/01/2019,,1,Item,,,,,,,745730552_1,,,,,,,,
UPC,745730573,fred_meyer,5.24,05/05/2019,,1,Item,,,,,,,745730573_1,,,,,,,,
UPC,745730694,discount_drug_mart,22.54,05/04/2019,,1,Item,,,,,,,745730694_1,,,,,,,,
UPC,745730768,duane_reade,12.61,05/07/2019,,1,Item,,,,,,,745730768_1,745730768_2,,,,,,,
UPC,745730799,fred_meyer,7.46,05/06/2019,,1,Item,,,,,,,745730799_1,,,,,,,,
UPC,745730848,winco_foods,285.65,05/05/2019,,1,Item,,,,,,,745730848_1,745730848_2,745730848_3,745730848_4,,,,,
UPC,745731091,walmart,48.0,05/03/2019,,1,Item,,,,,,,745731091_1,745731091_2,,,,,,,
UPC,745731293,walmart,35.01,05/06/2019,,1,Item,,,,,,,745731293_1,745731293_2,,,,,,,
UPC,745731445,walgreens,6.33,05/06/2019,,1,Item,,,,,,,745731445_1,,,,,,,,
UPC,745731495,dollar_general,0.54,05/03/2019,,1,Item,,,,,,,745731495_1,,,,,,,,
UPC,745731683,fred_meyer,27.84,05/06/2019,,1,Item,,,,,,,745731683_1,745731683_2,745731683_3,,,,,,
UPC,745732035,fred_meyer,8.56,05/06/2019,,1,Item,,,,,,,745732035_1,745732035_2,,,,,,,
UPC,745732192,dollar_general,46.77,05/03/2019,,1,Item,,,,,,,745732192_1,745732192_2,745732192_3,,,,,,
UPC,745732211,bjs,192.83,05/06/2019,,1,Item,,,,,,,745732211_1,745732211_2,745732211_3,745732211_4,,,,,
UPC,745732330,walmart,26.15,05/07/2019,,1,Item,,,,,,,745732330_1,,,,,,,,
UPC,745732364,dollar_general,15.5,05/06/2019,,1,Item,,,,,,,745732364_1,,,,,,,,
UPC,745732591,walgreens,6.8,05/07/2019,,1,Item,,,,,,,745732591_1,745732591_2,,,,,,,
UPC,745732665,walmart,242.02,05/05/2019,,1,Item,,,,,,,745732665_1,745732665_2,,,,,,,
UPC,745732699,walmart,22.94,05/06/2019,,1,Item,,,,,,,745732699_1,,,,,,,,
UPC,745732767,dollar_general,13.49,05/06/2019,,1,Item,,,,,,,745732767_1,,,,,,,,
UPC,745732919,bed_bath_and_beyond,52.35,05/04/2019,,1,Item,,,,,,,745732919_1,,,,,,,,
UPC,745732941,meijer,18.36,05/06/2019,,1,Item,,,,,,,745732941_1,,,,,,,,
UPC,745732959,total_wine_n_more,56.19,05/05/2019,,1,Item,,,,,,,745732959_1,745732959_2,745732959_3,,,,,,
UPC,745732983,commissary,80.82,05/02/2019,,1,Item,,,,,,,745732983_1,745732983_2,,,,,,,
UPC,745733111,walmart,63.75,05/05/2019,,1,Item,,,,,,,745733111_1,,,,,,,,
UPC,745733195,walgreens,18.04,05/01/2019,,1,Item,,,,,,,745733195_1,745733195_2,,,,,,,
UPC,745733229,total_wine_n_more,42.34,05/05/2019,,1,Item,,,,,,,745733229_1,,,,,,,,
UPC,745733271,bjs,654.06,05/07/2019,,1,Item,,,,,,,745733271_1,,,,,,,,
UPC,745733279,exchange,3.0,05/07/2019,,1,Item,,,,,,,745733279_1,745733279_2,,,,,,,
UPC,745733354,petsmart,13.58,04/30/2019,,1,Item,,,,,,,745733354_1,745733354_2,,,,,,,
UPC,745733383,exchange,3.0,05/07/2019,,1,Item,,,,,,,745733383_1,745733383_2,,,,,,,
UPC,745733429,petsmart,30.83,05/06/2019,,1,Item,,,,,,,745733429_1,,,,,,,,
UPC,745733464,walmart,21.72,05/07/2019,,1,Item,,,,,,,745733464_1,,,,,,,,
UPC,745733479,exchange,3.0,05/07/2019,,1,Item,,,,,,,745733479_1,745733479_2,,,,,,,
UPC,745733517,dollar_general,12.0,05/05/2019,,1,Item,,,,,,,745733517_1,,,,,,,,
UPC,745733821,walmart,61.37,05/05/2019,,1,Item,,,,,,,745733821_1,,,,,,,,
UPC,745733838,commissary,224.24,04/29/2019,,1,Item,,,,,,,745733838_1,745733838_2,745733838_3,745733838_4,,,,,
UPC,745733863,walmart,84.29,05/04/2019,,1,Item,,,,,,,745733863_1,745733863_2,,,,,,,
UPC,745734060,winco_foods,55.87,05/05/2019,,1,Item,,,,,,,745734060_1,745734060_2,,,,,,,
UPC,745734338,walmart,15.93,05/07/2019,,1,Item,,,,,,,745734338_1,,,,,,,,
UPC,745734356,exchange,176.21,04/30/2019,,1,Item,,,,,,,745734356_1,745734356_2,745734356_3,,,,,,
UPC,745734394,walmart,18.09,05/05/2019,,1,Item,,,,,,,745734394_1,,,,,,,,
UPC,745734560,exchange,12.4,05/01/2019,,1,Item,,,,,,,745734560_1,,,,,,,,
UPC,745734682,walmart,19.95,05/05/2019,,1,Item,,,,,,,745734682_1,,,,,,,,
UPC,745734980,petsmart,70.0,05/04/2019,,1,Item,,,,,,,745734980_1,745734980_2,,,,,,,
UPC,745734998,family_dollar,2.44,05/03/2019,,1,Item,,,,,,,745734998_1,,,,,,,,
UPC,745735064,commissary,179.34,05/02/2019,,1,Item,,,,,,,745735064_1,745735064_2,745735064_3,,,,,,
UPC,745735072,fred_meyer,40.0,05/06/2019,,1,Item,,,,,,,745735072_1,,,,,,,,
UPC,745735183,walmart,89.37,05/07/2019,,1,Item,,,,,,,745735183_1,,,,,,,,
UPC,745735277,fred_meyer,4.61,05/06/2019,,1,Item,,,,,,,745735277_1,,,,,,,,
UPC,745735414,winco_foods,55.48,05/05/2019,,1,Item,,,,,,,745735414_1,,,,,,,,
UPC,745735452,exchange,12.3,05/06/2019,,1,Item,,,,,,,745735452_1,,,,,,,,
UPC,745735668,walmart,57.02,05/07/2019,,1,Item,,,,,,,745735668_1,,,,,,,,
UPC,745736052,walmart,149.71,05/06/2019,,1,Item,,,,,,,745736052_1,745736052_2,,,,,,,
UPC,745736099,walmart,32.1,05/07/2019,,1,Item,,,,,,,745736099_1,,,,,,,,
UPC,745736412,commissary,165.73,05/07/2019,,1,Item,,,,,,,745736412_1,745736412_2,745736412_3,745736412_4,,,,,
UPC,745736426,walmart,413.49,05/05/2019,,1,Item,,,,,,,745736426_1,745736426_2,,,,,,,
UPC,745736560,walmart,66.7,05/05/2019,,1,Item,,,,,,,745736560_1,745736560_2,,,,,,,
UPC,745736597,walmart,167.84,05/06/2019,,1,Item,,,,,,,745736597_1,745736597_2,745736597_3,,,,,,
UPC,745736598,petsmart,23.02,05/07/2019,,1,Item,,,,,,,745736598_1,745736598_2,,,,,,,
UPC,745736791,petsmart,150.0,05/05/2019,,1,Item,,,,,,,745736791_1,745736791_2,745736791_3,,,,,,
UPC,745736936,walmart,23.0,05/07/2019,,1,Item,,,,,,,745736936_1,,,,,,,,
UPC,745736962,winco_foods,5.87,05/06/2019,,1,Item,,,,,,,745736962_1,,,,,,,,
UPC,745737036,walmart,25.6,05/06/2019,,1,Item,,,,,,,745737036_1,,,,,,,,
UPC,745737397,bjs,37.01,05/06/2019,,1,Item,,,,,,,745737397_1,,,,,,,,
UPC,745737467,bjs,61.0,05/06/2019,,1,Item,,,,,,,745737467_1,,,,,,,,
UPC,745737498,walmart,14.62,05/07/2019,,1,Item,,,,,,,745737498_1,,,,,,,,
UPC,745737499,walmart,48.45,05/06/2019,,1,Item,,,,,,,745737499_1,,,,,,,,
UPC,745737556,meijer,4.64,05/06/2019,,1,Item,,,,,,,745737556_1,745737556_2,,,,,,,
UPC,745737816,fred_meyer,11.46,05/06/2019,,1,Item,,,,,,,745737816_1,745737816_2,,,,,,,
UPC,745737887,walmart,31.86,04/30/2019,,1,Item,,,,,,,745737887_1,,,,,,,,
UPC,745738024,walgreens,13.68,05/04/2019,,1,Item,,,,,,,745738024_1,745738024_2,,,,,,,
UPC,745738119,winco_foods,288.5,05/03/2019,,1,Item,,,,,,,745738119_1,745738119_2,745738119_3,745738119_4,745738119_5,,,,
UPC,745738579,walmart,10.53,05/03/2019,,1,Item,,,,,,,745738579_1,,,,,,,,
UPC,745738684,bed_bath_and_beyond,198.34,05/04/2019,,1,Item,,,,,,,745738684_1,745738684_2,,,,,,,
UPC,745738912,dollar_general,22.22,05/04/2019,,1,Item,,,,,,,745738912_1,745738912_2,745738912_3,745738912_4,,,,,
UPC,745739269,walmart,58.99,05/05/2019,,1,Item,,,,,,,745739269_1,,,,,,,,
UPC,745739300,petsmart,36.8,05/04/2019,,1,Item,,,,,,,745739300_1,745739300_2,745739300_3,745739300_4,,,,,
UPC,745739487,dollar_general,8.4,05/07/2019,,1,Item,,,,,,,745739487_1,745739487_2,745739487_3,,,,,,
UPC,745739512,walgreens,12.36,05/07/2019,,1,Item,,,,,,,745739512_1,,,,,,,,
UPC,745739552,walgreens,13.49,05/06/2019,,1,Item,,,,,,,745739552_1,745739552_2,,,,,,,
UPC,745739596,walmart,66.44,05/02/2019,,1,Item,,,,,,,745739596_1,,,,,,,,
UPC,745739634,dollar_general,8.25,05/07/2019,,1,Item,,,,,,,745739634_1,,,,,,,,
UPC,745739636,walmart,2.05,05/07/2019,,1,Item,,,,,,,745739636_1,,,,,,,,
UPC,745739685,walgreens,24.08,05/05/2019,,1,Item,,,,,,,745739685_1,,,,,,,,
UPC,745739844,winco_foods,7.28,05/01/2019,,1,Item,,,,,,,745739844_1,745739844_2,,,,,,,
UPC,745739880,walmart,322.4,05/04/2019,,1,Item,,,,,,,745739880_1,745739880_2,745739880_3,,,,,,
UPC,745740341,walmart,5.93,05/03/2019,,1,Item,,,,,,,745740341_1,,,,,,,,
UPC,745740548,petsmart,1.97,05/03/2019,,1,Item,,,,,,,745740548_1,745740548_2,,,,,,,
UPC,745740565,walgreens,20.36,04/29/2019,,1,Item,,,,,,,745740565_1,,,,,,,,
UPC,745740800,dollar_general,30.88,05/03/2019,,1,Item,,,,,,,745740800_1,,,,,,,,
UPC,745740869,petsmart,14.71,04/25/2019,,1,Item,,,,,,,745740869_1,745740869_2,,,,,,,
UPC,745741132,walmart,12.67,05/02/2019,,1,Item,,,,,,,745741132_1,,,,,,,,
UPC,745741165,walmart,15.25,05/04/2019,,1,Item,,,,,,,745741165_1,,,,,,,,
UPC,745741213,exchange,10.95,05/07/2019,,1,Item,,,,,,,745741213_1,745741213_2,,,,,,,
UPC,745741365,total_wine_n_more,133.88,05/04/2019,,1,Item,,,,,,,745741365_1,745741365_2,,,,,,,
UPC,745741461,walgreens,30.09,05/02/2019,,1,Item,,,,,,,745741461_1,,,,,,,,
UPC,745741587,petsmart,83.38,05/06/2019,,1,Item,,,,,,,745741587_1,745741587_2,,,,,,,
UPC,745741592,petsmart,14.98,05/06/2019,,1,Item,,,,,,,745741592_1,745741592_2,,,,,,,
UPC,745741926,petsmart,162.82,05/03/2019,,1,Item,,,,,,,745741926_1,745741926_2,745741926_3,,,,,,
UPC,745741968,walgreens,2.14,05/06/2019,,1,Item,,,,,,,745741968_1,,,,,,,,
UPC,745741970,walgreens,46.47,05/07/2019,,1,Item,,,,,,,745741970_1,,,,,,,,
UPC,745742019,walmart,43.16,05/01/2019,,1,Item,,,,,,,745742019_1,,,,,,,,
UPC,745742137,walmart,1.27,05/05/2019,,1,Item,,,,,,,745742137_1,,,,,,,,
UPC,745742225,winco_foods,111.59,05/05/2019,,1,Item,,,,,,,745742225_1,745742225_2,745742225_3,,,,,,
UPC,745742238,walmart,17.79,05/05/2019,,1,Item,,,,,,,745742238_1,,,,,,,,
UPC,745742248,staples,5.07,05/06/2019,,1,Item,,,,,,,745742248_1,,,,,,,,
UPC,745742276,dollar_general,2.87,05/04/2019,,1,Item,,,,,,,745742276_1,,,,,,,,
UPC,745742491,walmart,114.08,05/05/2019,,1,Item,,,,,,,745742491_1,745742491_2,,,,,,,
UPC,745742519,walmart,25.82,05/05/2019,,1,Item,,,,,,,745742519_1,,,,,,,,
UPC,745742526,bjs,25.64,05/07/2019,,1,Item,,,,,,,745742526_1,,,,,,,,
UPC,745742536,meijer,17.29,05/03/2019,,1,Item,,,,,,,745742536_1,,,,,,,,
UPC,745742583,dollar_general,16.05,05/07/2019,,1,Item,,,,,,,745742583_1,,,,,,,,
UPC,745742678,dollar_general,6.41,05/06/2019,,1,Item,,,,,,,745742678_1,745742678_2,745742678_3,745742678_4,,,,,
UPC,745742721,ulta_beauty_supply,36.46,05/06/2019,,1,Item,,,,,,,745742721_1,745742721_2,,,,,,,
UPC,745742800,bjs,12.67,05/03/2019,,1,Item,,,,,,,745742800_1,,,,,,,,
UPC,745743136,walmart,56.16,05/06/2019,,1,Item,,,,,,,745743136_1,,,,,,,,
UPC,745743194,bjs,9.75,05/03/2019,,1,Item,,,,,,,745743194_1,,,,,,,,
UPC,745743196,walmart,11.43,05/02/2019,,1,Item,,,,,,,745743196_1,,,,,,,,
UPC,745743398,walmart,58.39,04/27/2019,,1,Item,,,,,,,745743398_1,,,,,,,,
UPC,745743477,walmart,40.43,04/30/2019,,1,Item,,,,,,,745743477_1,745743477_2,,,,,,,
UPC,745743648,bjs,46.6,05/07/2019,,1,Item,,,,,,,745743648_1,,,,,,,,
UPC,745743730,walmart,145.73,05/07/2019,,1,Item,,,,,,,745743730_1,745743730_2,,,,,,,
UPC,745743861,walmart,16.29,05/07/2019,,1,Item,,,,,,,745743861_1,,,,,,,,
UPC,745743913,family_dollar,13.46,05/03/2019,,1,Item,,,,,,,745743913_1,,,,,,,,
UPC,745743918,walgreens,5.62,05/03/2019,,1,Item,,,,,,,745743918_1,,,,,,,,
UPC,745744084,walmart,113.94,05/04/2019,,1,Item,,,,,,,745744084_1,,,,,,,,
UPC,745744169,petsmart,63.75,05/04/2019,,1,Item,,,,,,,745744169_1,745744169_2,,,,,,,
UPC,745744472,walmart,12.71,05/03/2019,,1,Item,,,,,,,745744472_1,,,,,,,,
UPC,745744512,walmart,47.33,05/06/2019,,1,Item,,,,,,,745744512_1,,,,,,,,
UPC,745744584,walmart,53.25,04/30/2019,,1,Item,,,,,,,745744584_1,,,,,,,,
UPC,745744734,walgreens,32.23,05/04/2019,,1,Item,,,,,,,745744734_1,,,,,,,,
UPC,745744852,dollar_general,0.4,05/06/2019,,1,Item,,,,,,,745744852_1,,,,,,,,
UPC,745744883,walgreens,13.49,05/07/2019,,1,Item,,,,,,,745744883_1,,,,,,,,
UPC,745744948,walgreens,16.11,05/05/2019,,1,Item,,,,,,,745744948_1,,,,,,,,
UPC,745744960,shopko,36.9,05/06/2019,,1,Item,,,,,,,745744960_1,745744960_2,,,,,,,
UPC,745744973,walmart,167.43,04/24/2019,,1,Item,,,,,,,745744973_1,,,,,,,,
UPC,745745250,walgreens,32.47,05/01/2019,,1,Item,,,,,,,745745250_1,745745250_2,,,,,,,
UPC,745745564,walmart,4.0,05/05/2019,,1,Item,,,,,,,745745564_1,,,,,,,,
UPC,745745683,walmart,105.3,04/29/2019,,1,Item,,,,,,,745745683_1,745745683_2,,,,,,,
UPC,745746030,bjs,64.81,05/07/2019,,1,Item,,,,,,,745746030_1,,,,,,,,
UPC,745746076,walmart,49.45,05/04/2019,,1,Item,,,,,,,745746076_1,,,,,,,,
UPC,745746189,walmart,122.35,05/04/2019,,1,Item,,,,,,,745746189_1,,,,,,,,
UPC,745746363,walmart,67.68,05/04/2019,,1,Item,,,,,,,745746363_1,,,,,,,,
UPC,745746373,walmart,15.01,05/07/2019,,1,Item,,,,,,,745746373_1,,,,,,,,
UPC,745746439,total_wine_n_more,68.18,05/01/2019,,1,Item,,,,,,,745746439_1,745746439_2,,,,,,,
UPC,745746460,fred_meyer,17.52,05/06/2019,,1,Item,,,,,,,745746460_1,,,,,,,,
UPC,745746562,walmart,106.48,05/07/2019,,1,Item,,,,,,,745746562_1,745746562_2,745746562_3,,,,,,
UPC,745746686,dollar_general,16.67,05/05/2019,,1,Item,,,,,,,745746686_1,745746686_2,,,,,,,
UPC,745746730,walmart,32.01,05/07/2019,,1,Item,,,,,,,745746730_1,745746730_2,,,,,,,
UPC,745746741,dollar_general,9.5,05/06/2019,,1,Item,,,,,,,745746741_1,,,,,,,,
UPC,745746826,fred_meyer,100.0,05/06/2019,,1,Item,,,,,,,745746826_1,,,,,,,,
UPC,745747117,walmart,66.95,05/04/2019,,1,Item,,,,,,,745747117_1,,,,,,,,
UPC,745747360,walmart,14.65,04/30/2019,,1,Item,,,,,,,745747360_1,,,,,,,,
UPC,745747386,walmart,34.01,05/07/2019,,1,Item,,,,,,,745747386_1,,,,,,,,
UPC,745747425,walmart,54.26,05/06/2019,,1,Item,,,,,,,745747425_1,,,,,,,,
UPC,745747453,walmart,37.11,04/30/2019,,1,Item,,,,,,,745747453_1,,,,,,,,
UPC,745747665,petsmart,19.68,05/06/2019,,1,Item,,,,,,,745747665_1,,,,,,,,
UPC,745747718,walmart,31.58,04/30/2019,,1,Item,,,,,,,745747718_1,745747718_2,745747718_3,745747718_4,,,,,
UPC,745747923,walmart,6.06,05/03/2019,,1,Item,,,,,,,745747923_1,,,,,,,,
UPC,745747962,walmart,104.9,05/04/2019,,1,Item,,,,,,,745747962_1,,,,,,,,
UPC,745747967,dollar_general,31.43,05/04/2019,,1,Item,,,,,,,745747967_1,745747967_2,,,,,,,
UPC,745747991,meijer,8.35,05/06/2019,,1,Item,,,,,,,745747991_1,,,,,,,,
UPC,745748041,walmart,140.25,05/03/2019,,1,Item,,,,,,,745748041_1,,,,,,,,
UPC,745748144,walmart,26.56,05/06/2019,,1,Item,,,,,,,745748144_1,,,,,,,,
UPC,745748176,walmart,127.16,05/05/2019,,1,Item,,,,,,,745748176_1,,,,,,,,
UPC,745748394,walmart,20.0,05/07/2019,,1,Item,,,,,,,745748394_1,745748394_2,,,,,,,
UPC,745748576,winco_foods,34.08,05/01/2019,,1,Item,,,,,,,745748576_1,,,,,,,,
UPC,745748740,fred_meyer,58.28,05/06/2019,,1,Item,,,,,,,745748740_1,745748740_2,,,,,,,
UPC,745748744,petsmart,12.91,05/05/2019,,1,Item,,,,,,,745748744_1,,,,,,,,
UPC,745748867,dollar_general,0.95,05/05/2019,,1,Item,,,,,,,745748867_1,,,,,,,,
UPC,745748938,fred_meyer,37.02,05/06/2019,,1,Item,,,,,,,745748938_1,,,,,,,,
UPC,745748980,walmart,24.24,04/29/2019,,1,Item,,,,,,,745748980_1,,,,,,,,
UPC,745749134,walmart,229.26,05/06/2019,,1,Item,,,,,,,745749134_1,745749134_2,745749134_3,,,,,,
UPC,745749334,walmart,75.5,05/06/2019,,1,Item,,,,,,,745749334_1,,,,,,,,
UPC,745749643,walmart,60.5,05/04/2019,,1,Item,,,,,,,745749643_1,,,,,,,,
UPC,745750444,dollar_general,11.24,05/03/2019,,1,Item,,,,,,,745750444_1,,,,,,,,
UPC,745750724,walmart,0.0,05/07/2019,,1,Item,,,,,,,745750724_1,,,,,,,,
UPC,745750825,discount_drug_mart,10.36,05/06/2019,,1,Item,,,,,,,745750825_1,745750825_2,,,,,,,
UPC,745750922,walgreens,17.19,05/04/2019,,1,Item,,,,,,,745750922_1,,,,,,,,
UPC,745751011,walmart,5.33,05/06/2019,,1,Item,,,,,,,745751011_1,,,,,,,,
UPC,745751015,walmart,168.76,05/06/2019,,1,Item,,,,,,,745751015_1,,,,,,,,
UPC,745751069,commissary,120.74,05/04/2019,,1,Item,,,,,,,745751069_1,745751069_2,745751069_3,745751069_4,,,,,
UPC,745751248,walgreens,118.76,05/07/2019,,1,Item,,,,,,,745751248_1,,,,,,,,
UPC,745751394,walmart,4.64,05/07/2019,,1,Item,,,,,,,745751394_1,,,,,,,,
UPC,745751474,walgreens,94.95,05/01/2019,,1,Item,,,,,,,745751474_1,,,,,,,,
UPC,745751531,petsmart,15.35,05/06/2019,,1,Item,,,,,,,745751531_1,,,,,,,,
UPC,745751641,walmart,44.33,05/07/2019,,1,Item,,,,,,,745751641_1,,,,,,,,
UPC,745751854,walmart,52.26,05/01/2019,,1,Item,,,,,,,745751854_1,745751854_2,,,,,,,
UPC,745752015,fred_meyer,8.91,05/06/2019,,1,Item,,,,,,,745752015_1,,,,,,,,
UPC,745752059,walmart,21.33,05/02/2019,,1,Item,,,,,,,745752059_1,,,,,,,,
UPC,745752071,dollar_general,8.55,05/07/2019,,1,Item,,,,,,,745752071_1,,,,,,,,
UPC,745752278,fred_meyer,15.6,05/07/2019,,1,Item,,,,,,,745752278_1,,,,,,,,
UPC,745752428,walmart,203.08,05/05/2019,,1,Item,,,,,,,745752428_1,745752428_2,745752428_3,,,,,,
UPC,745752669,walmart,125.0,05/04/2019,,1,Item,,,,,,,745752669_1,,,,,,,,
UPC,745752755,ulta_beauty_supply,34.79,05/02/2019,,1,Item,,,,,,,745752755_1,745752755_2,745752755_3,745752755_4,745752755_5,,,,
UPC,745752782,dollar_general,5.2,05/06/2019,,1,Item,,,,,,,745752782_1,,,,,,,,
UPC,745753339,bjs,142.92,05/04/2019,,1,Item,,,,,,,745753339_1,,,,,,,,
UPC,745753345,walmart,5.15,05/05/2019,,1,Item,,,,,,,745753345_1,,,,,,,,
UPC,745753648,walmart,34.47,05/07/2019,,1,Item,,,,,,,745753648_1,,,,,,,,
UPC,745753719,meijer,17.27,05/04/2019,,1,Item,,,,,,,745753719_1,,,,,,,,
UPC,745753727,walmart_neighborhood_market,0.0,05/04/2019,,1,Item,,,,,,,745753727_1,,,,,,,,
UPC,745753741,bjs,204.51,05/06/2019,,1,Item,,,,,,,745753741_1,745753741_2,,,,,,,
UPC,745753870,fred_meyer,29.16,05/01/2019,,1,Item,,,,,,,745753870_1,,,,,,,,
UPC,745754046,petsmart,33.48,05/05/2019,,1,Item,,,,,,,745754046_1,745754046_2,,,,,,,
UPC,745754160,walmart,22.63,05/05/2019,,1,Item,,,,,,,745754160_1,,,,,,,,
UPC,745754287,fred_meyer,40.34,05/04/2019,,1,Item,,,,,,,745754287_1,745754287_2,,,,,,,
UPC,745754836,walmart,21.26,05/04/2019,,1,Item,,,,,,,745754836_1,,,,,,,,
UPC,745755049,bjs,17.52,05/07/2019,,1,Item,,,,,,,745755049_1,745755049_2,,,,,,,
UPC,745755096,walmart,63.22,05/03/2019,,1,Item,,,,,,,745755096_1,,,,,,,,
UPC,745755122,babies_r_us,11.8,05/07/2019,,1,Item,,,,,,,745755122_1,,,,,,,,
UPC,745755156,exchange,43.6,05/04/2019,,1,Item,,,,,,,745755156_1,745755156_2,,,,,,,
UPC,745755165,walmart,76.26,05/06/2019,,1,Item,,,,,,,745755165_1,,,,,,,,
UPC,745755224,walmart,9.19,05/06/2019,,1,Item,,,,,,,745755224_1,,,,,,,,
UPC,745755484,dollar_general,8.55,05/06/2019,,1,Item,,,,,,,745755484_1,,,,,,,,
UPC,745755546,walgreens,79.7,05/02/2019,,1,Item,,,,,,,745755546_1,745755546_2,,,,,,,
UPC,745755561,walmart,34.89,05/07/2019,,1,Item,,,,,,,745755561_1,,,,,,,,
UPC,745755575,walgreens,24.1,05/07/2019,,1,Item,,,,,,,745755575_1,745755575_2,,,,,,,
UPC,745755633,fred_meyer,14.23,05/06/2019,,1,Item,,,,,,,745755633_1,745755633_2,,,,,,,
UPC,745755682,staples,58.4,05/07/2019,,1,Item,,,,,,,745755682_1,745755682_2,745755682_3,,,,,,
UPC,745755788,walmart,219.47,05/06/2019,,1,Item,,,,,,,745755788_1,,,,,,,,
UPC,745755959,walmart_neighborhood_market,5.46,05/06/2019,,1,Item,,,,,,,745755959_1,,,,,,,,
UPC,745756219,winco_foods,34.1,05/01/2019,,1,Item,,,,,,,745756219_1,,,,,,,,
UPC,745756228,bed_bath_and_beyond,69.02,05/04/2019,,1,Item,,,,,,,745756228_1,745756228_2,745756228_3,,,,,,
UPC,745756297,dollar_general,5.0,05/04/2019,,1,Item,,,,,,,745756297_1,,,,,,,,
UPC,745756436,walmart,47.15,05/06/2019,,1,Item,,,,,,,745756436_1,,,,,,,,
UPC,745756528,walmart,22.86,05/04/2019,,1,Item,,,,,,,745756528_1,,,,,,,,
UPC,745756585,winco_foods,41.39,05/06/2019,,1,Item,,,,,,,745756585_1,,,,,,,,
UPC,745756600,dollar_general,18.9,05/04/2019,,1,Item,,,,,,,745756600_1,,,,,,,,
UPC,745756755,walgreens,20.43,05/04/2019,,1,Item,,,,,,,745756755_1,745756755_2,,,,,,,
UPC,745757059,exchange,18.1,04/28/2019,,1,Item,,,,,,,745757059_1,745757059_2,,,,,,,
UPC,745757060,walmart,85.6,05/06/2019,,1,Item,,,,,,,745757060_1,,,,,,,,
UPC,745757086,dollar_general,18.0,05/04/2019,,1,Item,,,,,,,745757086_1,,,,,,,,
UPC,745757246,petsmart,23.33,05/04/2019,,1,Item,,,,,,,745757246_1,745757246_2,,,,,,,
UPC,745757421,bjs,22.32,05/05/2019,,1,Item,,,,,,,745757421_1,745757421_2,745757421_3,745757421_4,,,,,
UPC,745757611,walmart,16.79,05/07/2019,,1,Item,,,,,,,745757611_1,,,,,,,,
UPC,745757676,walmart,10.0,05/07/2019,,1,Item,,,,,,,745757676_1,,,,,,,,
UPC,745757993,walmart,63.82,05/06/2019,,1,Item,,,,,,,745757993_1,745757993_2,,,,,,,
UPC,745757999,walgreens,9.23,05/07/2019,,1,Item,,,,,,,745757999_1,,,,,,,,
UPC,745758168,dollar_general,1.19,05/06/2019,,1,Item,,,,,,,745758168_1,745758168_2,,,,,,,
UPC,745758283,exchange,31.5,04/30/2019,,1,Item,,,,,,,745758283_1,745758283_2,745758283_3,,,,,,
UPC,745758433,walmart,0.0,04/30/2019,,1,Item,,,,,,,745758433_1,,,,,,,,
UPC,745758652,walmart,134.49,05/06/2019,,1,Item,,,,,,,745758652_1,,,,,,,,
UPC,745758725,dollar_general,13.23,05/06/2019,,1,Item,,,,,,,745758725_1,,,,,,,,
UPC,745758862,walmart,240.05,05/07/2019,,1,Item,,,,,,,745758862_1,745758862_2,745758862_3,,,,,,
UPC,745758921,walmart,7.98,05/07/2019,,1,Item,,,,,,,745758921_1,,,,,,,,
UPC,745759028,walmart,31.18,05/04/2019,,1,Item,,,,,,,745759028_1,,,,,,,,
UPC,745759043,walmart,88.78,05/06/2019,,1,Item,,,,,,,745759043_1,,,,,,,,
UPC,745759243,walmart,4.55,05/01/2019,,1,Item,,,,,,,745759243_1,,,,,,,,
UPC,745759773,walmart,51.04,05/07/2019,,1,Item,,,,,,,745759773_1,,,,,,,,
UPC,745760270,bjs,695.49,05/05/2019,,1,Item,,,,,,,745760270_1,745760270_2,745760270_3,745760270_4,745760270_5,745760270_6,,,
UPC,745760282,walmart,9.97,05/07/2019,,1,Item,,,,,,,745760282_1,,,,,,,,
UPC,745760359,dollar_general,3.18,05/01/2019,,1,Item,,,,,,,745760359_1,,,,,,,,
UPC,745760511,harps_food_store,3.29,05/05/2019,,1,Item,,,,,,,745760511_1,,,,,,,,
UPC,745760680,bjs,6.94,05/07/2019,,1,Item,,,,,,,745760680_1,,,,,,,,
UPC,745760730,walmart,50.85,05/05/2019,,1,Item,,,,,,,745760730_1,,,,,,,,
UPC,745760979,walmart,6.38,05/05/2019,,1,Item,,,,,,,745760979_1,,,,,,,,
UPC,745761324,walmart,192.11,05/02/2019,,1,Item,,,,,,,745761324_1,,,,,,,,
UPC,745761590,petsmart,64.79,05/07/2019,,1,Item,,,,,,,745761590_1,,,,,,,,
UPC,745761655,walmart,14.78,05/07/2019,,1,Item,,,,,,,745761655_1,745761655_2,,,,,,,
UPC,745761757,winco_foods,43.37,04/26/2019,,1,Item,,,,,,,745761757_1,,,,,,,,
UPC,745761832,petsmart,6.18,05/03/2019,,1,Item,,,,,,,745761832_1,745761832_2,,,,,,,
UPC,745762028,walmart,34.52,04/24/2019,,1,Item,,,,,,,745762028_1,,,,,,,,
UPC,745762082,staples,119.7,05/08/2019,,1,Item,,,,,,,745762082_1,745762082_2,,,,,,,
UPC,745762222,ulta_beauty_supply,56.0,05/05/2019,,1,Item,,,,,,,745762222_1,,,,,,,,
UPC,745762291,walmart,40.87,05/06/2019,,1,Item,,,,,,,745762291_1,,,,,,,,
UPC,745762467,walmart,29.61,05/07/2019,,1,Item,,,,,,,745762467_1,,,,,,,,
UPC,745762500,walmart,31.06,05/05/2019,,1,Item,,,,,,,745762500_1,,,,,,,,
UPC,745762543,winco_foods,3.58,05/06/2019,,1,Item,,,,,,,745762543_1,745762543_2,,,,,,,
UPC,745762582,walmart,55.31,05/06/2019,,1,Item,,,,,,,745762582_1,,,,,,,,
UPC,745762695,walmart,1.8,05/07/2019,,1,Item,,,,,,,745762695_1,,,,,,,,
UPC,745762881,walmart,33.04,05/06/2019,,1,Item,,,,,,,745762881_1,,,,,,,,
UPC,745763040,walgreens,0.0,05/03/2019,,1,Item,,,,,,,745763040_1,,,,,,,,
UPC,745763229,petsmart,36.38,05/04/2019,,1,Item,,,,,,,745763229_1,745763229_2,745763229_3,,,,,,
UPC,745763316,walmart,84.93,05/07/2019,,1,Item,,,,,,,745763316_1,,,,,,,,
UPC,745763513,fred_meyer,33.09,05/07/2019,,1,Item,,,,,,,745763513_1,745763513_2,745763513_3,,,,,,
UPC,745763653,walmart,28.27,05/07/2019,,1,Item,,,,,,,745763653_1,,,,,,,,
UPC,745763686,walmart,20.64,05/05/2019,,1,Item,,,,,,,745763686_1,,,,,,,,
UPC,745763791,walmart,35.66,04/30/2019,,1,Item,,,,,,,745763791_1,,,,,,,,
UPC,745763863,walgreens,11.95,05/06/2019,,1,Item,,,,,,,745763863_1,,,,,,,,
UPC,745763933,walmart,14.19,05/05/2019,,1,Item,,,,,,,745763933_1,,,,,,,,
UPC,745764135,winco_foods,6.18,05/07/2019,,1,Item,,,,,,,745764135_1,,,,,,,,
UPC,745764230,dollar_general,8.29,05/07/2019,,1,Item,,,,,,,745764230_1,745764230_2,745764230_3,,,,,,
UPC,745764494,walgreens,6.0,05/07/2019,,1,Item,,,,,,,745764494_1,745764494_2,745764494_3,745764494_4,745764494_5,745764494_6,,,
UPC,745765045,walmart,10.6,05/07/2019,,1,Item,,,,,,,745765045_1,,,,,,,,
UPC,745765086,bjs,57.21,05/07/2019,,1,Item,,,,,,,745765086_1,745765086_2,,,,,,,
UPC,745765498,commissary,110.7,05/07/2019,,1,Item,,,,,,,745765498_1,745765498_2,745765498_3,,,,,,
UPC,745765846,walmart,54.68,05/07/2019,,1,Item,,,,,,,745765846_1,,,,,,,,
UPC,745765897,walmart,89.83,05/07/2019,,1,Item,,,,,,,745765897_1,,,,,,,,
UPC,745766026,walgreens,13.84,05/04/2019,,1,Item,,,,,,,745766026_1,,,,,,,,
UPC,745766085,walmart,26.76,04/25/2019,,1,Item,,,,,,,745766085_1,,,,,,,,
UPC,745766245,bjs,18.68,05/01/2019,,1,Item,,,,,,,745766245_1,,,,,,,,
UPC,745766384,petsmart,19.25,05/04/2019,,1,Item,,,,,,,745766384_1,745766384_2,,,,,,,
UPC,745766739,commissary,17.77,05/02/2019,,1,Item,,,,,,,745766739_1,,,,,,,,
UPC,745766930,hornbachers,23.66,04/30/2019,,1,Item,,,,,,,745766930_1,,,,,,,,
UPC,745767158,staples,12.02,05/07/2019,,1,Item,,,,,,,745767158_1,745767158_2,,,,,,,
UPC,745768419,winco_foods,163.56,05/05/2019,,1,Item,,,,,,,745768419_1,745768419_2,745768419_3,,,,,,
UPC,745768619,walmart,72.69,05/05/2019,,1,Item,,,,,,,745768619_1,,,,,,,,
UPC,745768631,walmart,25.72,05/07/2019,,1,Item,,,,,,,745768631_1,,,,,,,,
UPC,745768675,walmart,51.82,05/02/2019,,1,Item,,,,,,,745768675_1,,,,,,,,
UPC,745768823,walmart,16.58,05/01/2019,,1,Item,,,,,,,745768823_1,,,,,,,,
UPC,745769117,winco_foods,2.28,05/03/2019,,1,Item,,,,,,,745769117_1,,,,,,,,
UPC,745769242,walmart,7.29,05/02/2019,,1,Item,,,,,,,745769242_1,,,,,,,,
UPC,745769398,bjs,34.7,04/23/2019,,1,Item,,,,,,,745769398_1,,,,,,,,
UPC,745769529,dollar_general,16.25,05/04/2019,,1,Item,,,,,,,745769529_1,,,,,,,,
UPC,745769683,dollar_general,13.25,05/03/2019,,1,Item,,,,,,,745769683_1,,,,,,,,
UPC,745769848,winco_foods,14.94,05/03/2019,,1,Item,,,,,,,745769848_1,,,,,,,,
UPC,745769873,walgreens,7.63,04/30/2019,,1,Item,,,,,,,745769873_1,,,,,,,,
UPC,745770019,amigo,81.53,05/05/2019,,1,Item,,,,,,,745770019_1,745770019_2,,,,,,,
UPC,745770154,winco_foods,64.76,04/22/2019,,1,Item,,,,,,,745770154_1,,,,,,,,
UPC,745770463,winco_foods,92.79,05/06/2019,,1,Item,,,,,,,745770463_1,745770463_2,,,,,,,
UPC,745770941,dollar_general_market,5.15,05/06/2019,,1,Item,,,,,,,745770941_1,,,,,,,,
UPC,745771236,walmart,38.99,05/03/2019,,1,Item,,,,,,,745771236_1,,,,,,,,
UPC,745771340,walmart,87.34,05/03/2019,,1,Item,,,,,,,745771340_1,,,,,,,,
UPC,745771462,exchange,70.33,05/07/2019,,1,Item,,,,,,,745771462_1,745771462_2,,,,,,,
UPC,745771467,walgreens,12.46,05/06/2019,,1,Item,,,,,,,745771467_1,,,,,,,,
UPC,745771477,walmart,10.66,05/06/2019,,1,Item,,,,,,,745771477_1,,,,,,,,
UPC,745771483,walmart,13.99,05/06/2019,,1,Item,,,,,,,745771483_1,,,,,,,,
UPC,745771519,winco_foods,1.0,04/22/2019,,1,Item,,,,,,,745771519_1,,,,,,,,
UPC,745771614,walgreens,21.07,05/07/2019,,1,Item,,,,,,,745771614_1,745771614_2,,,,,,,
UPC,745771714,bed_bath_and_beyond,65.89,05/04/2019,,1,Item,,,,,,,745771714_1,745771714_2,,,,,,,
UPC,745771771,walmart,59.73,05/06/2019,,1,Item,,,,,,,745771771_1,745771771_2,,,,,,,
UPC,745772014,walmart,31.45,04/26/2019,,1,Item,,,,,,,745772014_1,,,,,,,,
UPC,745772018,winco_foods,8.26,04/22/2019,,1,Item,,,,,,,745772018_1,,,,,,,,
UPC,745772135,walgreens,5.89,04/22/2019,,1,Item,,,,,,,745772135_1,,,,,,,,
UPC,745772363,walmart,215.13,05/01/2019,,1,Item,,,,,,,745772363_1,745772363_2,,,,,,,
UPC,745772688,walmart,24.4,05/01/2019,,1,Item,,,,,,,745772688_1,,,,,,,,
UPC,745772749,bjs,30.2,05/07/2019,,1,Item,,,,,,,745772749_1,,,,,,,,
UPC,745772849,bjs,20.91,05/02/2019,,1,Item,,,,,,,745772849_1,,,,,,,,
UPC,745772851,walgreens,9.55,05/07/2019,,1,Item,,,,,,,745772851_1,,,,,,,,
UPC,745773028,bjs,24.25,05/06/2019,,1,Item,,,,,,,745773028_1,,,,,,,,
UPC,745773038,bjs,150.04,05/03/2019,,1,Item,,,,,,,745773038_1,745773038_2,745773038_3,,,,,,
UPC,745773044,walmart,23.67,04/30/2019,,1,Item,,,,,,,745773044_1,745773044_2,745773044_3,745773044_4,,,,,
UPC,745773132,dollar_general,10.17,05/04/2019,,1,Item,,,,,,,745773132_1,,,,,,,,
UPC,745773486,commissary,16.25,05/07/2019,,1,Item,,,,,,,745773486_1,,,,,,,,
UPC,745773531,walmart,100.9,05/06/2019,,1,Item,,,,,,,745773531_1,,,,,,,,
UPC,745773674,kmart,10.65,05/06/2019,,1,Item,,,,,,,745773674_1,,,,,,,,
UPC,745773828,walmart,70.99,05/02/2019,,1,Item,,,,,,,745773828_1,745773828_2,,,,,,,
UPC,745773891,total_wine_n_more,50.9,05/05/2019,,1,Item,,,,,,,745773891_1,,,,,,,,
UPC,745774069,shopko,36.32,05/07/2019,,1,Item,,,,,,,745774069_1,745774069_2,,,,,,,
UPC,745774147,walmart,15.2,04/26/2019,,1,Item,,,,,,,745774147_1,,,,,,,,
UPC,745774148,walmart,160.12,04/23/2019,,1,Item,,,,,,,745774148_1,,,,,,,,
UPC,745774416,walmart,44.28,05/07/2019,,1,Item,,,,,,,745774416_1,,,,,,,,
UPC,745774589,petsmart,53.48,05/07/2019,,1,Item,,,,,,,745774589_1,745774589_2,,,,,,,
UPC,745774845,walmart,20.87,05/02/2019,,1,Item,,,,,,,745774845_1,,,,,,,,
UPC,745774866,bed_bath_and_beyond,24.43,04/28/2019,,1,Item,,,,,,,745774866_1,745774866_2,,,,,,,
UPC,745775137,bed_bath_and_beyond,10.94,04/28/2019,,1,Item,,,,,,,745775137_1,745775137_2,,,,,,,
UPC,745775170,dollar_general,20.86,05/07/2019,,1,Item,,,,,,,745775170_1,,,,,,,,
UPC,745775195,meijer,135.17,05/07/2019,,1,Item,,,,,,,745775195_1,745775195_2,745775195_3,,,,,,
UPC,745775459,dollar_general,63.46,05/04/2019,,1,Item,,,,,,,745775459_1,,,,,,,,
UPC,745775567,walmart,26.09,05/07/2019,,1,Item,,,,,,,745775567_1,,,,,,,,
UPC,745775829,walgreens,11.4,05/03/2019,,1,Item,,,,,,,745775829_1,745775829_2,,,,,,,
UPC,745775855,family_dollar,25.5,05/02/2019,,1,Item,,,,,,,745775855_1,,,,,,,,
UPC,745776018,bjs,40.64,05/02/2019,,1,Item,,,,,,,745776018_1,,,,,,,,
UPC,745776092,walmart,8.71,05/04/2019,,1,Item,,,,,,,745776092_1,,,,,,,,
UPC,745776221,walmart,80.91,05/07/2019,,1,Item,,,,,,,745776221_1,,,,,,,,
UPC,745776514,walmart,20.49,05/06/2019,,1,Item,,,,,,,745776514_1,,,,,,,,
UPC,745776536,walmart,92.92,05/05/2019,,1,Item,,,,,,,745776536_1,,,,,,,,
UPC,745776541,dollar_general,6.42,05/07/2019,,1,Item,,,,,,,745776541_1,,,,,,,,
UPC,745776561,walmart,54.81,05/02/2019,,1,Item,,,,,,,745776561_1,745776561_2,,,,,,,
UPC,745776626,ulta_beauty_supply,59.3,05/04/2019,,1,Item,,,,,,,745776626_1,,,,,,,,
UPC,745776649,fred_meyer,1.0,05/06/2019,,1,Item,,,,,,,745776649_1,,,,,,,,
UPC,745776681,walmart,249.21,05/05/2019,,1,Item,,,,,,,745776681_1,745776681_2,,,,,,,
UPC,745776699,fred_meyer,84.36,05/06/2019,,1,Item,,,,,,,745776699_1,,,,,,,,
UPC,745776839,total_wine_n_more,54.31,05/07/2019,,1,Item,,,,,,,745776839_1,745776839_2,745776839_3,745776839_4,,,,,
UPC,745776862,walmart,96.85,05/05/2019,,1,Item,,,,,,,745776862_1,,,,,,,,
UPC,745776894,walmart,11.15,05/06/2019,,1,Item,,,,,,,745776894_1,,,,,,,,
UPC,745777093,walmart,11.0,05/06/2019,,1,Item,,,,,,,745777093_1,,,,,,,,
UPC,745777170,walmart,96.1,05/06/2019,,1,Item,,,,,,,745777170_1,,,,,,,,
UPC,745777230,walmart,0.0,05/06/2019,,1,Item,,,,,,,745777230_1,,,,,,,,
UPC,745777415,walmart,1.74,05/04/2019,,1,Item,,,,,,,745777415_1,,,,,,,,
UPC,745777443,petsmart,14.6,05/04/2019,,1,Item,,,,,,,745777443_1,,,,,,,,
UPC,745777693,star_market,1.26,05/04/2019,,1,Item,,,,,,,745777693_1,,,,,,,,
UPC,745777737,dollar_general,84.68,05/04/2019,,1,Item,,,,,,,745777737_1,745777737_2,,,,,,,
UPC,745777886,bjs,182.43,05/07/2019,,1,Item,,,,,,,745777886_1,745777886_2,745777886_3,,,,,,
UPC,745777942,walmart,38.25,05/06/2019,,1,Item,,,,,,,745777942_1,,,,,,,,
UPC,745778146,walmart,59.33,05/05/2019,,1,Item,,,,,,,745778146_1,,,,,,,,
UPC,745778193,dollar_general,74.83,05/07/2019,,1,Item,,,,,,,745778193_1,,,,,,,,
UPC,745778445,bjs,51.08,05/07/2019,,1,Item,,,,,,,745778445_1,745778445_2,,,,,,,
UPC,745778475,walgreens,15.67,05/03/2019,,1,Item,,,,,,,745778475_1,,,,,,,,
UPC,745778575,walmart,25.51,05/06/2019,,1,Item,,,,,,,745778575_1,,,,,,,,
UPC,745779100,walmart,48.91,05/07/2019,,1,Item,,,,,,,745779100_1,,,,,,,,
UPC,745779164,walgreens,16.95,05/02/2019,,1,Item,,,,,,,745779164_1,,,,,,,,
UPC,745779362,walmart,130.98,05/06/2019,,1,Item,,,,,,,745779362_1,745779362_2,,,,,,,
UPC,745779365,walmart,67.49,05/07/2019,,1,Item,,,,,,,745779365_1,,,,,,,,
UPC,745779677,bjs,53.15,04/26/2019,,1,Item,,,,,,,745779677_1,745779677_2,,,,,,,
UPC,745779721,petsmart,34.07,05/07/2019,,1,Item,,,,,,,745779721_1,,,,,,,,
UPC,745779740,walmart,22.85,05/06/2019,,1,Item,,,,,,,745779740_1,,,,,,,,
UPC,745779830,walmart,18.25,05/05/2019,,1,Item,,,,,,,745779830_1,,,,,,,,
UPC,745779845,bjs,58.14,05/04/2019,,1,Item,,,,,,,745779845_1,,,,,,,,
UPC,745779955,walmart,98.82,05/04/2019,,1,Item,,,,,,,745779955_1,,,,,,,,
UPC,745780272,walmart,11.54,05/06/2019,,1,Item,,,,,,,745780272_1,,,,,,,,
UPC,745780299,walgreens,75.0,05/07/2019,,1,Item,,,,,,,745780299_1,,,,,,,,
UPC,745780455,walmart,17.51,05/06/2019,,1,Item,,,,,,,745780455_1,,,,,,,,
UPC,745780573,walgreens,24.77,05/04/2019,,1,Item,,,,,,,745780573_1,745780573_2,,,,,,,
UPC,745780657,walmart,4.1,05/07/2019,,1,Item,,,,,,,745780657_1,,,,,,,,
UPC,745780666,walgreens,57.42,05/07/2019,,1,Item,,,,,,,745780666_1,,,,,,,,
UPC,745780682,walgreens,15.77,05/07/2019,,1,Item,,,,,,,745780682_1,745780682_2,,,,,,,
UPC,745780692,walmart,7.95,05/01/2019,,1,Item,,,,,,,745780692_1,,,,,,,,
UPC,745780779,dollar_general,3.2,05/07/2019,,1,Item,,,,,,,745780779_1,,,,,,,,
UPC,745780860,staples,37.62,05/07/2019,,1,Item,,,,,,,745780860_1,,,,,,,,
UPC,745780900,dollar_general,13.24,05/05/2019,,1,Item,,,,,,,745780900_1,,,,,,,,
UPC,745780940,walmart,54.47,05/06/2019,,1,Item,,,,,,,745780940_1,,,,,,,,
UPC,745780948,walmart,23.8,05/06/2019,,1,Item,,,,,,,745780948_1,,,,,,,,
UPC,745780977,fred_meyer,39.91,05/07/2019,,1,Item,,,,,,,745780977_1,,,,,,,,
UPC,745781253,walmart,11.12,05/06/2019,,1,Item,,,,,,,745781253_1,,,,,,,,
UPC,745781520,walgreens,96.22,05/07/2019,,1,Item,,,,,,,745781520_1,745781520_2,745781520_3,,,,,,
UPC,745781564,walgreens,11.87,05/06/2019,,1,Item,,,,,,,745781564_1,,,,,,,,
UPC,745781616,walmart,70.01,05/06/2019,,1,Item,,,,,,,745781616_1,745781616_2,,,,,,,
UPC,745781771,fred_meyer,26.25,04/25/2019,,1,Item,,,,,,,745781771_1,,,,,,,,
UPC,745781886,exchange,6.49,05/05/2019,,1,Item,,,,,,,745781886_1,,,,,,,,
UPC,745782255,exchange,6.99,05/05/2019,,1,Item,,,,,,,745782255_1,,,,,,,,
UPC,745782357,ulta_beauty_supply,96.46,05/04/2019,,1,Item,,,,,,,745782357_1,745782357_2,,,,,,,
UPC,745782749,dollar_general,44.15,05/06/2019,,1,Item,,,,,,,745782749_1,745782749_2,745782749_3,,,,,,
UPC,745783189,dollar_general,11.87,05/03/2019,,1,Item,,,,,,,745783189_1,,,,,,,,
UPC,745783300,walgreens,3.8,05/06/2019,,1,Item,,,,,,,745783300_1,,,,,,,,
UPC,745783370,walmart,56.0,05/04/2019,,1,Item,,,,,,,745783370_1,,,,,,,,
UPC,745783576,walgreens,5.49,05/07/2019,,1,Item,,,,,,,745783576_1,,,,,,,,
UPC,745783654,dollar_general,49.67,05/07/2019,,1,Item,,,,,,,745783654_1,745783654_2,,,,,,,
UPC,745783690,discount_drug_mart,8.71,05/03/2019,,1,Item,,,,,,,745783690_1,,,,,,,,
UPC,745783813,shopko,3.59,05/06/2019,,1,Item,,,,,,,745783813_1,745783813_2,,,,,,,
UPC,745783897,walmart,2.82,05/07/2019,,1,Item,,,,,,,745783897_1,,,,,,,,
UPC,745784139,walgreens,23.3,05/07/2019,,1,Item,,,,,,,745784139_1,,,,,,,,
UPC,745784150,walmart,260.96,04/30/2019,,1,Item,,,,,,,745784150_1,745784150_2,,,,,,,
UPC,745784337,walgreens,2.96,05/06/2019,,1,Item,,,,,,,745784337_1,,,,,,,,
UPC,745784577,total_wine_n_more,28.99,05/04/2019,,1,Item,,,,,,,745784577_1,,,,,,,,
UPC,745784695,dollar_general,8.11,05/07/2019,,1,Item,,,,,,,745784695_1,,,,,,,,
UPC,745784882,walmart,83.69,05/07/2019,,1,Item,,,,,,,745784882_1,,,,,,,,
UPC,745785024,walmart,138.36,05/06/2019,,1,Item,,,,,,,745785024_1,,,,,,,,
UPC,745785212,walmart,15.39,05/03/2019,,1,Item,,,,,,,745785212_1,,,,,,,,
UPC,745785223,bjs,76.77,05/05/2019,,1,Item,,,,,,,745785223_1,745785223_2,745785223_3,,,,,,
UPC,745785234,exchange,200.0,05/07/2019,,1,Item,,,,,,,745785234_1,745785234_2,,,,,,,
UPC,745785411,bjs,35.98,05/06/2019,,1,Item,,,,,,,745785411_1,,,,,,,,
UPC,745785528,dollar_general,5.31,05/02/2019,,1,Item,,,,,,,745785528_1,,,,,,,,
UPC,745785694,dollar_general,6.34,05/07/2019,,1,Item,,,,,,,745785694_1,,,,,,,,
UPC,745785725,walmart,26.59,05/05/2019,,1,Item,,,,,,,745785725_1,,,,,,,,
UPC,745786243,walmart,32.34,05/04/2019,,1,Item,,,,,,,745786243_1,,,,,,,,
UPC,745786416,winco_foods,54.91,05/03/2019,,1,Item,,,,,,,745786416_1,745786416_2,745786416_3,,,,,,
UPC,745786615,fred_meyer,219.58,05/01/2019,,1,Item,,,,,,,745786615_1,745786615_2,745786615_3,745786615_4,,,,,
UPC,745786643,walgreens,18.08,05/07/2019,,1,Item,,,,,,,745786643_1,745786643_2,,,,,,,
UPC,745786667,exchange,18.95,05/06/2019,,1,Item,,,,,,,745786667_1,,,,,,,,
UPC,745786993,walmart,93.52,05/06/2019,,1,Item,,,,,,,745786993_1,,,,,,,,
UPC,745787115,walmart,23.27,05/07/2019,,1,Item,,,,,,,745787115_1,,,,,,,,
UPC,745787156,walmart,28.01,05/07/2019,,1,Item,,,,,,,745787156_1,,,,,,,,
UPC,745787195,fred_meyer,49.99,05/06/2019,,1,Item,,,,,,,745787195_1,,,,,,,,
UPC,745787319,fred_meyer,3.39,05/04/2019,,1,Item,,,,,,,745787319_1,,,,,,,,
UPC,745787558,dollar_general_market,13.41,05/06/2019,,1,Item,,,,,,,745787558_1,,,,,,,,
UPC,745787631,fred_meyer,0.24,05/01/2019,,1,Item,,,,,,,745787631_1,,,,,,,,
UPC,745787732,walmart,55.19,05/07/2019,,1,Item,,,,,,,745787732_1,,,,,,,,
UPC,745787783,harps_food_store,69.36,05/07/2019,,1,Item,,,,,,,745787783_1,,,,,,,,
UPC,745787948,fred_meyer,56.68,05/01/2019,,1,Item,,,,,,,745787948_1,,,,,,,,
UPC,745788154,shopko,6.85,05/07/2019,,1,Item,,,,,,,745788154_1,745788154_2,,,,,,,
UPC,745788297,discount_drug_mart,5.98,05/05/2019,,1,Item,,,,,,,745788297_1,745788297_2,,,,,,,
UPC,745788379,bjs,18.99,05/07/2019,,1,Item,,,,,,,745788379_1,745788379_2,745788379_3,,,,,,
UPC,745788451,dollar_general,2.39,05/06/2019,,1,Item,,,,,,,745788451_1,,,,,,,,
UPC,745788580,walmart,56.95,05/07/2019,,1,Item,,,,,,,745788580_1,,,,,,,,
UPC,745788592,winco_foods,14.36,05/06/2019,,1,Item,,,,,,,745788592_1,745788592_2,,,,,,,
UPC,745788830,dollar_general,8.22,05/03/2019,,1,Item,,,,,,,745788830_1,,,,,,,,
UPC,745788970,walmart,13.12,05/07/2019,,1,Item,,,,,,,745788970_1,745788970_2,745788970_3,745788970_4,,,,,
UPC,745789211,fred_meyer,50.9,05/04/2019,,1,Item,,,,,,,745789211_1,745789211_2,,,,,,,
UPC,745789237,walmart,49.41,05/05/2019,,1,Item,,,,,,,745789237_1,,,,,,,,
UPC,745789353,walmart,5.0,05/06/2019,,1,Item,,,,,,,745789353_1,,,,,,,,
UPC,745789356,petsmart,1.07,05/05/2019,,1,Item,,,,,,,745789356_1,745789356_2,,,,,,,
UPC,745789437,walmart,17.81,05/07/2019,,1,Item,,,,,,,745789437_1,,,,,,,,
UPC,745789444,petsmart,21.89,05/05/2019,,1,Item,,,,,,,745789444_1,,,,,,,,
UPC,745789520,dollar_general,9.0,05/07/2019,,1,Item,,,,,,,745789520_1,,,,,,,,
UPC,745789626,walmart,58.08,05/06/2019,,1,Item,,,,,,,745789626_1,745789626_2,,,,,,,
UPC,745789642,walmart,28.69,05/07/2019,,1,Item,,,,,,,745789642_1,,,,,,,,
UPC,745789659,walmart,13.16,05/02/2019,,1,Item,,,,,,,745789659_1,,,,,,,,
UPC,745789825,dollar_general,2.14,05/06/2019,,1,Item,,,,,,,745789825_1,,,,,,,,
UPC,745789875,staples,355.99,05/06/2019,,1,Item,,,,,,,745789875_1,745789875_2,745789875_3,745789875_4,,,,,
UPC,745789994,walmart,19.44,05/05/2019,,1,Item,,,,,,,745789994_1,,,,,,,,
UPC,745790035,winco_foods,5.84,05/07/2019,,1,Item,,,,,,,745790035_1,745790035_2,,,,,,,
UPC,745790100,walmart,52.55,05/04/2019,,1,Item,,,,,,,745790100_1,,,,,,,,
UPC,745790194,walgreens,18.02,04/29/2019,,1,Item,,,,,,,745790194_1,745790194_2,,,,,,,
UPC,745790411,winco_foods,81.18,04/22/2019,,1,Item,,,,,,,745790411_1,745790411_2,,,,,,,
UPC,745790718,walgreens,36.4,04/23/2019,,1,Item,,,,,,,745790718_1,745790718_2,,,,,,,
UPC,745790753,star_market,17.61,05/07/2019,,1,Item,,,,,,,745790753_1,,,,,,,,
UPC,745790772,walmart,63.2,05/05/2019,,1,Item,,,,,,,745790772_1,,,,,,,,
UPC,745790828,bed_bath_and_beyond,11.86,05/05/2019,,1,Item,,,,,,,745790828_1,745790828_2,,,,,,,
UPC,745790865,bjs,21.72,05/07/2019,,1,Item,,,,,,,745790865_1,745790865_2,,,,,,,
UPC,745790878,winco_foods,7.5,05/04/2019,,1,Item,,,,,,,745790878_1,,,,,,,,
UPC,745790927,cub,42.62,05/05/2019,,1,Item,,,,,,,745790927_1,745790927_2,,,,,,,
UPC,745790984,walmart,5.28,05/07/2019,,1,Item,,,,,,,745790984_1,,,,,,,,
UPC,745791118,walmart,122.3,04/30/2019,,1,Item,,,,,,,745791118_1,745791118_2,,,,,,,
UPC,745791290,dollar_general,8.24,05/06/2019,,1,Item,,,,,,,745791290_1,,,,,,,,
UPC,745791358,walmart,108.33,05/07/2019,,1,Item,,,,,,,745791358_1,745791358_2,,,,,,,
UPC,745791464,walmart,171.36,05/07/2019,,1,Item,,,,,,,745791464_1,745791464_2,,,,,,,
UPC,745791667,kmart,77.61,04/25/2019,,1,Item,,,,,,,745791667_1,745791667_2,745791667_3,,,,,,
UPC,745791759,walmart,34.24,05/07/2019,,1,Item,,,,,,,745791759_1,745791759_2,745791759_3,,,,,,
UPC,745791830,walmart,114.41,05/06/2019,,1,Item,,,,,,,745791830_1,745791830_2,,,,,,,
UPC,745792022,walmart,33.02,05/04/2019,,1,Item,,,,,,,745792022_1,,,,,,,,
UPC,745792069,walgreens,34.75,05/06/2019,,1,Item,,,,,,,745792069_1,,,,,,,,
UPC,745792374,bjs,131.27,05/01/2019,,1,Item,,,,,,,745792374_1,745792374_2,,,,,,,
UPC,745792479,meijer,69.63,05/07/2019,,1,Item,,,,,,,745792479_1,745792479_2,745792479_3,745792479_4,,,,,
UPC,745792551,walgreens,17.17,05/06/2019,,1,Item,,,,,,,745792551_1,,,,,,,,
UPC,745792647,walmart,68.72,05/06/2019,,1,Item,,,,,,,745792647_1,,,,,,,,
UPC,745792649,meijer,31.32,05/02/2019,,1,Item,,,,,,,745792649_1,745792649_2,,,,,,,
UPC,745792693,petsmart,66.05,05/05/2019,,1,Item,,,,,,,745792693_1,745792693_2,745792693_3,,,,,,
UPC,745792787,ulta_beauty_supply,67.0,05/02/2019,,1,Item,,,,,,,745792787_1,,,,,,,,
UPC,745792800,walmart,302.71,05/06/2019,,1,Item,,,,,,,745792800_1,,,,,,,,
UPC,745792811,staples,109.07,05/06/2019,,1,Item,,,,,,,745792811_1,,,,,,,,
UPC,745793698,walmart,52.08,04/29/2019,,1,Item,,,,,,,745793698_1,,,,,,,,
UPC,745793824,winco_foods,72.9,05/06/2019,,1,Item,,,,,,,745793824_1,745793824_2,,,,,,,
UPC,745794021,walmart,82.16,05/02/2019,,1,Item,,,,,,,745794021_1,,,,,,,,
UPC,745794081,walmart,107.55,05/04/2019,,1,Item,,,,,,,745794081_1,,,,,,,,
UPC,745794178,walmart,6.36,05/06/2019,,1,Item,,,,,,,745794178_1,,,,,,,,
UPC,745794355,walmart,27.15,05/03/2019,,1,Item,,,,,,,745794355_1,,,,,,,,
UPC,745794563,walmart,8.12,05/07/2019,,1,Item,,,,,,,745794563_1,,,,,,,,
UPC,745794767,walmart,243.18,05/06/2019,,1,Item,,,,,,,745794767_1,,,,,,,,
UPC,745795357,walmart,24.26,05/06/2019,,1,Item,,,,,,,745795357_1,,,,,,,,
UPC,745795773,walmart,2.5,05/02/2019,,1,Item,,,,,,,745795773_1,,,,,,,,
UPC,745795799,walmart,183.96,05/07/2019,,1,Item,,,,,,,745795799_1,745795799_2,,,,,,,
UPC,745796045,bjs,52.24,05/06/2019,,1,Item,,,,,,,745796045_1,,,,,,,,
UPC,745796281,walgreens,46.28,05/06/2019,,1,Item,,,,,,,745796281_1,,,,,,,,
UPC,745796730,walmart,8.0,05/07/2019,,1,Item,,,,,,,745796730_1,,,,,,,,
UPC,745796918,ulta_beauty_supply,28.35,05/06/2019,,1,Item,,,,,,,745796918_1,,,,,,,,
UPC,745797199,walgreens,15.87,05/06/2019,,1,Item,,,,,,,745797199_1,745797199_2,,,,,,,
UPC,745797485,petsmart,12.3,05/07/2019,,1,Item,,,,,,,745797485_1,,,,,,,,
UPC,745797792,dollar_general,8.57,05/01/2019,,1,Item,,,,,,,745797792_1,,,,,,,,
UPC,745798011,walmart,25.74,05/07/2019,,1,Item,,,,,,,745798011_1,,,,,,,,
UPC,745798222,walmart,17.08,05/05/2019,,1,Item,,,,,,,745798222_1,,,,,,,,
UPC,745798229,walmart,9.5,05/07/2019,,1,Item,,,,,,,745798229_1,745798229_2,,,,,,,
UPC,745798385,walmart,72.52,05/05/2019,,1,Item,,,,,,,745798385_1,745798385_2,,,,,,,
UPC,745798566,walmart,8.34,05/07/2019,,1,Item,,,,,,,745798566_1,,,,,,,,
UPC,745799044,walmart,135.34,05/06/2019,,1,Item,,,,,,,745799044_1,,,,,,,,
UPC,745799248,walmart,23.4,05/07/2019,,1,Item,,,,,,,745799248_1,,,,,,,,
UPC,745799274,dollar_general,13.06,05/04/2019,,1,Item,,,,,,,745799274_1,,,,,,,,
UPC,745799328,walmart,217.23,05/04/2019,,1,Item,,,,,,,745799328_1,,,,,,,,
UPC,745799649,walmart,50.47,05/06/2019,,1,Item,,,,,,,745799649_1,,,,,,,,
UPC,745799867,petsmart,3.77,05/06/2019,,1,Item,,,,,,,745799867_1,745799867_2,,,,,,,
UPC,745799881,dollar_general,690.21,05/03/2019,,1,Item,,,,,,,745799881_1,745799881_2,,,,,,,
UPC,745800160,discount_drug_mart,15.89,05/06/2019,,1,Item,,,,,,,745800160_1,745800160_2,745800160_3,,,,,,
UPC,745800188,total_wine_n_more,8.05,05/06/2019,,1,Item,,,,,,,745800188_1,745800188_2,,,,,,,
UPC,745800582,petsmart,5.66,05/02/2019,,1,Item,,,,,,,745800582_1,745800582_2,,,,,,,
UPC,745800673,dollar_general,17.71,05/03/2019,,1,Item,,,,,,,745800673_1,,,,,,,,
UPC,745800775,walmart,93.01,04/30/2019,,1,Item,,,,,,,745800775_1,,,,,,,,
UPC,745801055,walmart,16.77,05/06/2019,,1,Item,,,,,,,745801055_1,,,,,,,,
UPC,745801218,walmart,209.08,05/07/2019,,1,Item,,,,,,,745801218_1,,,,,,,,
UPC,745801311,bjs,65.4,05/05/2019,,1,Item,,,,,,,745801311_1,745801311_2,,,,,,,
UPC,745801548,walmart,12.35,05/05/2019,,1,Item,,,,,,,745801548_1,,,,,,,,
UPC,745801550,walmart,14.07,05/02/2019,,1,Item,,,,,,,745801550_1,,,,,,,,
UPC,745801837,dollar_general,29.95,04/25/2019,,1,Item,,,,,,,745801837_1,,,,,,,,
UPC,745801846,walmart,64.88,05/03/2019,,1,Item,,,,,,,745801846_1,,,,,,,,
UPC,745801858,shopko,47.75,05/06/2019,,1,Item,,,,,,,745801858_1,,,,,,,,
UPC,745801863,cub,56.58,05/07/2019,,1,Item,,,,,,,745801863_1,745801863_2,,,,,,,
UPC,745802422,dollar_general,49.6,05/06/2019,,1,Item,,,,,,,745802422_1,745802422_2,,,,,,,
UPC,745802784,dollar_general,12.85,05/07/2019,,1,Item,,,,,,,745802784_1,,,,,,,,
UPC,745802786,exchange,3.39,05/03/2019,,1,Item,,,,,,,745802786_1,,,,,,,,
UPC,745802936,cub,145.43,05/06/2019,,1,Item,,,,,,,745802936_1,745802936_2,,,,,,,
UPC,745802939,walgreens,11.51,05/04/2019,,1,Item,,,,,,,745802939_1,,,,,,,,
UPC,745803628,dollar_general,103.44,05/04/2019,,1,Item,,,,,,,745803628_1,745803628_2,,,,,,,
UPC,745803663,winco_foods,42.43,05/06/2019,,1,Item,,,,,,,745803663_1,745803663_2,,,,,,,
UPC,745804213,walmart,48.98,05/07/2019,,1,Item,,,,,,,745804213_1,,,,,,,,
UPC,745804581,petsmart,77.0,05/05/2019,,1,Item,,,,,,,745804581_1,,,,,,,,
UPC,745804597,bjs,110.46,05/07/2019,,1,Item,,,,,,,745804597_1,745804597_2,745804597_3,,,,,,
UPC,745804739,walmart,74.27,05/05/2019,,1,Item,,,,,,,745804739_1,,,,,,,,
UPC,745805014,walmart,78.05,05/03/2019,,1,Item,,,,,,,745805014_1,,,,,,,,
UPC,745805033,walmart,20.34,05/07/2019,,1,Item,,,,,,,745805033_1,,,,,,,,
UPC,745805077,walmart,34.89,05/07/2019,,1,Item,,,,,,,745805077_1,,,,,,,,
UPC,745805232,petsmart,11.84,05/05/2019,,1,Item,,,,,,,745805232_1,,,,,,,,
UPC,745805341,dollar_general,14.97,05/04/2019,,1,Item,,,,,,,745805341_1,,,,,,,,
UPC,745805381,fred_meyer,53.98,05/05/2019,,1,Item,,,,,,,745805381_1,745805381_2,,,,,,,
UPC,745805783,bjs,127.87,05/07/2019,,1,Item,,,,,,,745805783_1,,,,,,,,
UPC,745805822,walmart,31.46,05/07/2019,,1,Item,,,,,,,745805822_1,745805822_2,745805822_3,,,,,,
UPC,745805958,walmart,70.54,05/05/2019,,1,Item,,,,,,,745805958_1,,,,,,,,
UPC,745806471,walgreens,23.03,05/05/2019,,1,Item,,,,,,,745806471_1,745806471_2,745806471_3,,,,,,
UPC,745806583,petsmart,31.13,05/02/2019,,1,Item,,,,,,,745806583_1,745806583_2,,,,,,,
UPC,745806592,winco_foods,80.96,05/06/2019,,1,Item,,,,,,,745806592_1,745806592_2,,,,,,,
UPC,745806647,bed_bath_and_beyond,8.68,05/05/2019,,1,Item,,,,,,,745806647_1,,,,,,,,
UPC,745806729,fred_meyer,14.77,04/30/2019,,1,Item,,,,,,,745806729_1,,,,,,,,
UPC,745807360,walmart,60.62,05/07/2019,,1,Item,,,,,,,745807360_1,,,,,,,,
UPC,745807837,dollar_general,10.6,05/02/2019,,1,Item,,,,,,,745807837_1,745807837_2,,,,,,,
UPC,745807968,petsmart,71.47,05/07/2019,,1,Item,,,,,,,745807968_1,745807968_2,,,,,,,
UPC,745808044,walgreens,7.44,05/06/2019,,1,Item,,,,,,,745808044_1,,,,,,,,
UPC,745808489,walgreens,25.49,05/06/2019,,1,Item,,,,,,,745808489_1,,,,,,,,
UPC,745809300,walgreens,58.4,05/02/2019,,1,Item,,,,,,,745809300_1,,,,,,,,
UPC,745809678,walmart,1.97,05/07/2019,,1,Item,,,,,,,745809678_1,,,,,,,,
UPC,745810984,walmart,28.57,04/29/2019,,1,Item,,,,,,,745810984_1,,,,,,,,
UPC,745811173,walmart,8.61,04/29/2019,,1,Item,,,,,,,745811173_1,,,,,,,,
UPC,745811247,fred_meyer,17.87,05/04/2019,,1,Item,,,,,,,745811247_1,745811247_2,745811247_3,745811247_4,,,,,
UPC,745811371,dollar_general,33.52,05/01/2019,,1,Item,,,,,,,745811371_1,,,,,,,,
UPC,745811437,walmart,76.94,05/07/2019,,1,Item,,,,,,,745811437_1,,,,,,,,
UPC,745811831,walmart,48.77,05/07/2019,,1,Item,,,,,,,745811831_1,,,,,,,,
UPC,745811915,walmart,67.49,05/05/2019,,1,Item,,,,,,,745811915_1,,,,,,,,
UPC,745811920,walgreens,16.89,05/07/2019,,1,Item,,,,,,,745811920_1,745811920_2,745811920_3,745811920_4,,,,,
UPC,745812345,walmart,206.38,05/05/2019,,1,Item,,,,,,,745812345_1,745812345_2,745812345_3,,,,,,
UPC,745812441,dollar_general,3.73,05/06/2019,,1,Item,,,,,,,745812441_1,,,,,,,,
UPC,745812687,walmart,166.6,05/07/2019,,1,Item,,,,,,,745812687_1,745812687_2,,,,,,,
UPC,745812714,walmart,45.24,05/06/2019,,1,Item,,,,,,,745812714_1,,,,,,,,
UPC,745812835,walmart,28.1,05/07/2019,,1,Item,,,,,,,745812835_1,,,,,,,,
UPC,745812887,bjs,34.32,05/06/2019,,1,Item,,,,,,,745812887_1,,,,,,,,
UPC,745813230,walgreens,8.55,05/07/2019,,1,Item,,,,,,,745813230_1,,,,,,,,
UPC,745813492,dollar_general,3.2,05/07/2019,,1,Item,,,,,,,745813492_1,,,,,,,,
UPC,745813693,walmart,65.52,05/07/2019,,1,Item,,,,,,,745813693_1,,,,,,,,
UPC,745813993,walmart,26.6,05/07/2019,,1,Item,,,,,,,745813993_1,,,,,,,,
UPC,745814057,walmart,2.08,05/07/2019,,1,Item,,,,,,,745814057_1,,,,,,,,
UPC,745814371,walmart,10.33,05/06/2019,,1,Item,,,,,,,745814371_1,,,,,,,,
UPC,745814531,dollar_general,12.99,05/06/2019,,1,Item,,,,,,,745814531_1,,,,,,,,
UPC,745814918,bjs,45.3,04/24/2019,,1,Item,,,,,,,745814918_1,745814918_2,,,,,,,
UPC,745814938,dollar_general,5.96,05/05/2019,,1,Item,,,,,,,745814938_1,,,,,,,,
UPC,745814976,walmart,62.87,05/03/2019,,1,Item,,,,,,,745814976_1,,,,,,,,
UPC,745815180,dollar_general,12.77,05/05/2019,,1,Item,,,,,,,745815180_1,745815180_2,,,,,,,
UPC,745815244,walmart,21.33,05/07/2019,,1,Item,,,,,,,745815244_1,,,,,,,,
UPC,745815373,walmart,29.43,05/07/2019,,1,Item,,,,,,,745815373_1,,,,,,,,
UPC,745815384,walmart,2.81,05/07/2019,,1,Item,,,,,,,745815384_1,,,,,,,,
UPC,745815396,walgreens,6.35,05/06/2019,,1,Item,,,,,,,745815396_1,,,,,,,,
UPC,745815576,fred_meyer,5.37,05/07/2019,,1,Item,,,,,,,745815576_1,,,,,,,,
UPC,745815687,dollar_general,1.67,05/05/2019,,1,Item,,,,,,,745815687_1,,,,,,,,
UPC,745815758,dollar_general,3.24,05/07/2019,,1,Item,,,,,,,745815758_1,,,,,,,,
UPC,745815818,walmart,45.54,05/05/2019,,1,Item,,,,,,,745815818_1,,,,,,,,
UPC,745815959,walmart,5.29,05/04/2019,,1,Item,,,,,,,745815959_1,,,,,,,,
UPC,745816090,fred_meyer,48.77,05/06/2019,,1,Item,,,,,,,745816090_1,745816090_2,,,,,,,
UPC,745816149,walmart,24.6,05/06/2019,,1,Item,,,,,,,745816149_1,,,,,,,,
UPC,745816828,walgreens,20.33,05/07/2019,,1,Item,,,,,,,745816828_1,,,,,,,,
UPC,745817142,dollar_general,193.95,04/26/2019,,1,Item,,,,,,,745817142_1,,,,,,,,
UPC,745817237,dollar_general,8.32,05/06/2019,,1,Item,,,,,,,745817237_1,745817237_2,,,,,,,
UPC,745817372,walmart,144.46,05/03/2019,,1,Item,,,,,,,745817372_1,,,,,,,,
UPC,745817815,exchange,82.23,05/07/2019,,1,Item,,,,,,,745817815_1,745817815_2,,,,,,,
UPC,745817951,staples,82.28,05/06/2019,,1,Item,,,,,,,745817951_1,,,,,,,,
UPC,745818029,petsmart,42.65,05/06/2019,,1,Item,,,,,,,745818029_1,745818029_2,,,,,,,
UPC,745818252,walmart,60.89,04/30/2019,,1,Item,,,,,,,745818252_1,,,,,,,,
UPC,745818469,walmart,41.41,04/30/2019,,1,Item,,,,,,,745818469_1,745818469_2,,,,,,,
UPC,745819462,dollar_general,17.64,05/06/2019,,1,Item,,,,,,,745819462_1,745819462_2,745819462_3,,,,,,
UPC,745820000,walmart,57.94,04/30/2019,,1,Item,,,,,,,745820000_1,,,,,,,,
UPC,745820038,walmart,54.94,05/02/2019,,1,Item,,,,,,,745820038_1,,,,,,,,
UPC,745820525,walmart,6.12,05/05/2019,,1,Item,,,,,,,745820525_1,,,,,,,,
UPC,745820648,dollar_general,6.06,04/29/2019,,1,Item,,,,,,,745820648_1,,,,,,,,
UPC,745821037,dollar_general,11.0,05/06/2019,,1,Item,,,,,,,745821037_1,,,,,,,,
UPC,745821116,dollar_general,4.22,05/02/2019,,1,Item,,,,,,,745821116_1,,,,,,,,
UPC,745821236,walmart,145.66,05/07/2019,,1,Item,,,,,,,745821236_1,745821236_2,,,,,,,
UPC,745821723,walmart,31.26,05/03/2019,,1,Item,,,,,,,745821723_1,,,,,,,,
UPC,745821762,petsmart,69.0,05/06/2019,,1,Item,,,,,,,745821762_1,,,,,,,,
UPC,745822236,walmart,37.9,05/05/2019,,1,Item,,,,,,,745822236_1,,,,,,,,
UPC,745822253,dollar_general,60.0,05/07/2019,,1,Item,,,,,,,745822253_1,,,,,,,,
UPC,745822316,walmart,81.98,05/07/2019,,1,Item,,,,,,,745822316_1,,,,,,,,
UPC,745822621,walmart,19.02,05/04/2019,,1,Item,,,,,,,745822621_1,,,,,,,,
UPC,745822876,staples,1.5,05/07/2019,,1,Item,,,,,,,745822876_1,745822876_2,,,,,,,
UPC,745823372,walmart,4.61,05/05/2019,,1,Item,,,,,,,745823372_1,,,,,,,,
UPC,745823500,petsmart,1.62,05/05/2019,,1,Item,,,,,,,745823500_1,,,,,,,,
UPC,745823724,walmart,18.0,05/05/2019,,1,Item,,,,,,,745823724_1,,,,,,,,
UPC,745824355,dollar_general,18.17,05/01/2019,,1,Item,,,,,,,745824355_1,,,,,,,,
UPC,745824366,walmart,107.66,05/07/2019,,1,Item,,,,,,,745824366_1,745824366_2,,,,,,,
UPC,745824511,walmart,40.54,05/06/2019,,1,Item,,,,,,,745824511_1,,,,,,,,
UPC,745824590,dollar_general,15.1,05/06/2019,,1,Item,,,,,,,745824590_1,,,,,,,,
UPC,745824882,walmart,2.0,05/07/2019,,1,Item,,,,,,,745824882_1,,,,,,,,
UPC,745825044,dollar_general,0.06,05/02/2019,,1,Item,,,,,,,745825044_1,,,,,,,,
UPC,745825453,dollar_general,6.0,05/07/2019,,1,Item,,,,,,,745825453_1,,,,,,,,
UPC,745825722,walmart,88.48,05/06/2019,,1,Item,,,,,,,745825722_1,,,,,,,,
UPC,745825879,walmart,48.81,05/05/2019,,1,Item,,,,,,,745825879_1,745825879_2,,,,,,,
UPC,745825959,walmart,6.3,05/06/2019,,1,Item,,,,,,,745825959_1,,,,,,,,
UPC,745826277,walmart,54.89,05/02/2019,,1,Item,,,,,,,745826277_1,,,,,,,,
UPC,745826716,dollar_general,1.96,05/04/2019,,1,Item,,,,,,,745826716_1,745826716_2,745826716_3,745826716_4,745826716_5,745826716_6,,,
UPC,745826879,walmart,23.26,05/07/2019,,1,Item,,,,,,,745826879_1,745826879_2,,,,,,,
UPC,745826954,walmart,61.11,05/07/2019,,1,Item,,,,,,,745826954_1,745826954_2,,,,,,,
UPC,745827274,dollar_general,35.02,05/02/2019,,1,Item,,,,,,,745827274_1,745827274_2,745827274_3,745827274_4,745827274_5,,,,
UPC,745827740,winco_foods,18.59,05/07/2019,,1,Item,,,,,,,745827740_1,,,,,,,,
UPC,745827768,walmart,42.75,05/05/2019,,1,Item,,,,,,,745827768_1,,,,,,,,
UPC,745827780,walmart,5.36,05/05/2019,,1,Item,,,,,,,745827780_1,,,,,,,,
UPC,745827822,petsmart,3.16,05/07/2019,,1,Item,,,,,,,745827822_1,,,,,,,,
UPC,745827859,walmart,14.38,05/02/2019,,1,Item,,,,,,,745827859_1,,,,,,,,
UPC,745827881,walmart,31.81,05/07/2019,,1,Item,,,,,,,745827881_1,,,,,,,,
UPC,745828461,walmart,129.48,05/07/2019,,1,Item,,,,,,,745828461_1,745828461_2,,,,,,,
UPC,745828919,walmart,160.38,05/07/2019,,1,Item,,,,,,,745828919_1,745828919_2,,,,,,,
UPC,745834364,walmart,51.78,05/03/2019,,1,Item,,,,,,,745834364_1,,,,,,,,
UPC,745834616,walmart,73.49,05/07/2019,,1,Item,,,,,,,745834616_1,,,,,,,,
UPC,745834663,family_dollar,10.54,05/06/2019,,1,Item,,,,,,,745834663_1,,,,,,,,
UPC,745835155,walmart,87.8,04/29/2019,,1,Item,,,,,,,745835155_1,,,,,,,,
UPC,745835371,walmart,20.94,05/07/2019,,1,Item,,,,,,,745835371_1,,,,,,,,
UPC,745835452,exchange,94.86,04/27/2019,,1,Item,,,,,,,745835452_1,745835452_2,,,,,,,
UPC,745835716,walmart,65.28,05/05/2019,,1,Item,,,,,,,745835716_1,,,,,,,,
UPC,745835924,walmart,71.08,05/07/2019,,1,Item,,,,,,,745835924_1,,,,,,,,
UPC,745836237,walmart,94.33,05/07/2019,,1,Item,,,,,,,745836237_1,,,,,,,,
UPC,745836525,fred_meyer,50.57,05/06/2019,,1,Item,,,,,,,745836525_1,,,,,,,,
UPC,745836527,walmart,54.07,05/07/2019,,1,Item,,,,,,,745836527_1,745836527_2,,,,,,,
UPC,745836558,walmart,102.2,05/07/2019,,1,Item,,,,,,,745836558_1,,,,,,,,
UPC,745837273,commissary,40.19,04/30/2019,,1,Item,,,,,,,745837273_1,745837273_2,,,,,,,
UPC,745837939,walmart,41.45,05/05/2019,,1,Item,,,,,,,745837939_1,745837939_2,,,,,,,
UPC,745837943,walmart,183.32,05/07/2019,,1,Item,,,,,,,745837943_1,,,,,,,,
UPC,745837953,petsmart,32.99,05/06/2019,,1,Item,,,,,,,745837953_1,745837953_2,,,,,,,
UPC,745838193,walmart,34.2,05/07/2019,,1,Item,,,,,,,745838193_1,,,,,,,,
UPC,745838395,walmart,3.63,05/07/2019,,1,Item,,,,,,,745838395_1,,,,,,,,
UPC,745838556,fred_meyer,48.4,04/28/2019,,1,Item,,,,,,,745838556_1,745838556_2,,,,,,,
UPC,745838723,walmart,85.77,05/05/2019,,1,Item,,,,,,,745838723_1,,,,,,,,
UPC,745839089,dollar_general,12.07,05/04/2019,,1,Item,,,,,,,745839089_1,,,,,,,,
UPC,745839175,walmart,64.32,05/04/2019,,1,Item,,,,,,,745839175_1,,,,,,,,
UPC,745839348,petsmart,58.82,05/04/2019,,1,Item,,,,,,,745839348_1,745839348_2,,,,,,,
UPC,745839419,walmart,52.57,05/01/2019,,1,Item,,,,,,,745839419_1,,,,,,,,
UPC,745839470,walmart,2.02,05/07/2019,,1,Item,,,,,,,745839470_1,,,,,,,,
UPC,745840460,walmart,53.74,05/07/2019,,1,Item,,,,,,,745840460_1,,,,,,,,
UPC,745840813,walmart,32.85,05/07/2019,,1,Item,,,,,,,745840813_1,,,,,,,,
UPC,745840979,walmart,98.34,05/06/2019,,1,Item,,,,,,,745840979_1,,,,,,,,
UPC,745841164,petsmart,9.39,05/06/2019,,1,Item,,,,,,,745841164_1,,,,,,,,
UPC,745841367,walmart,137.8,05/06/2019,,1,Item,,,,,,,745841367_1,,,,,,,,
UPC,745841373,fred_meyer,18.38,05/04/2019,,1,Item,,,,,,,745841373_1,,,,,,,,
UPC,745841618,walmart,49.24,05/05/2019,,1,Item,,,,,,,745841618_1,,,,,,,,
UPC,745841641,walmart,5.16,05/07/2019,,1,Item,,,,,,,745841641_1,,,,,,,,
UPC,745841644,cub,52.06,05/07/2019,,1,Item,,,,,,,745841644_1,745841644_2,745841644_3,,,,,,
UPC,745841843,petsmart,68.85,05/06/2019,,1,Item,,,,,,,745841843_1,745841843_2,,,,,,,
UPC,745842413,walmart,6.63,05/06/2019,,1,Item,,,,,,,745842413_1,,,,,,,,
UPC,745842881,walmart,209.9,05/01/2019,,1,Item,,,,,,,745842881_1,745842881_2,745842881_3,,,,,,
UPC,745843466,walmart,188.36,05/02/2019,,1,Item,,,,,,,745843466_1,745843466_2,745843466_3,,,,,,
UPC,745843872,walmart,31.99,05/07/2019,,1,Item,,,,,,,745843872_1,,,,,,,,
UPC,745843922,dollar_general,0.56,05/03/2019,,1,Item,,,,,,,745843922_1,,,,,,,,
UPC,745844091,walmart,6.62,04/29/2019,,1,Item,,,,,,,745844091_1,,,,,,,,
UPC,745844660,meijer,1.42,05/07/2019,,1,Item,,,,,,,745844660_1,,,,,,,,
UPC,745845059,dollar_general,14.3,04/26/2019,,1,Item,,,,,,,745845059_1,,,,,,,,
UPC,745845215,walmart,21.8,04/27/2019,,1,Item,,,,,,,745845215_1,745845215_2,,,,,,,
UPC,745845279,walmart,26.98,05/05/2019,,1,Item,,,,,,,745845279_1,,,,,,,,
UPC,745845354,dollar_general,52.21,05/05/2019,,1,Item,,,,,,,745845354_1,745845354_2,,,,,,,
UPC,745845551,walmart,1.43,05/05/2019,,1,Item,,,,,,,745845551_1,745845551_2,745845551_3,745845551_4,,,,,
UPC,745845824,walmart,77.14,05/03/2019,,1,Item,,,,,,,745845824_1,,,,,,,,
UPC,745846017,walmart,0.97,05/05/2019,,1,Item,,,,,,,745846017_1,745846017_2,745846017_3,745846017_4,,,,,
UPC,745846094,walmart,27.49,05/05/2019,,1,Item,,,,,,,745846094_1,,,,,,,,
UPC,745846178,dollar_general,25.09,05/01/2019,,1,Item,,,,,,,745846178_1,,,,,,,,
UPC,745846366,walmart,39.2,05/07/2019,,1,Item,,,,,,,745846366_1,,,,,,,,
UPC,745846387,walmart,13.5,05/06/2019,,1,Item,,,,,,,745846387_1,745846387_2,,,,,,,
UPC,745846417,walmart,60.58,05/07/2019,,1,Item,,,,,,,745846417_1,,,,,,,,
UPC,745846470,staples,4.28,04/30/2019,,1,Item,,,,,,,745846470_1,745846470_2,,,,,,,
UPC,745846481,petsmart,17.95,05/03/2019,,1,Item,,,,,,,745846481_1,745846481_2,,,,,,,
UPC,745846541,walmart,11.65,05/05/2019,,1,Item,,,,,,,745846541_1,,,,,,,,
UPC,745846575,dollar_general,40.43,05/03/2019,,1,Item,,,,,,,745846575_1,,,,,,,,
UPC,745846582,walmart,174.15,05/07/2019,,1,Item,,,,,,,745846582_1,745846582_2,,,,,,,
UPC,745846599,kmart,28.53,05/02/2019,,1,Item,,,,,,,745846599_1,745846599_2,,,,,,,
UPC,745846862,walmart,11.95,05/07/2019,,1,Item,,,,,,,745846862_1,,,,,,,,
UPC,745846994,walmart,142.31,04/30/2019,,1,Item,,,,,,,745846994_1,745846994_2,,,,,,,
UPC,745847045,dollar_general,34.13,05/07/2019,,1,Item,,,,,,,745847045_1,,,,,,,,
UPC,745847072,walmart,10.9,05/07/2019,,1,Item,,,,,,,745847072_1,,,,,,,,
UPC,745847094,walmart,154.21,05/04/2019,,1,Item,,,,,,,745847094_1,745847094_2,,,,,,,
UPC,745847137,dollar_general,22.06,04/30/2019,,1,Item,,,,,,,745847137_1,,,,,,,,
UPC,745847337,walmart,15.58,05/07/2019,,1,Item,,,,,,,745847337_1,,,,,,,,
UPC,745847615,walmart,8.55,05/05/2019,,1,Item,,,,,,,745847615_1,,,,,,,,
UPC,745847672,dollar_general,33.88,04/30/2019,,1,Item,,,,,,,745847672_1,745847672_2,,,,,,,
UPC,745847685,walmart,32.62,05/07/2019,,1,Item,,,,,,,745847685_1,,,,,,,,
UPC,745847775,walmart,58.15,05/07/2019,,1,Item,,,,,,,745847775_1,,,,,,,,
UPC,745848112,dollar_general,135.6,05/07/2019,,1,Item,,,,,,,745848112_1,,,,,,,,
UPC,745848213,walmart,4.36,05/07/2019,,1,Item,,,,,,,745848213_1,,,,,,,,
UPC,745848218,commissary,210.51,04/30/2019,,1,Item,,,,,,,745848218_1,745848218_2,745848218_3,,,,,,
UPC,745848246,dollar_general,17.0,05/07/2019,,1,Item,,,,,,,745848246_1,745848246_2,,,,,,,
UPC,745848642,dollar_general,21.4,04/30/2019,,1,Item,,,,,,,745848642_1,745848642_2,,,,,,,
UPC,745848658,commissary,26.78,04/28/2019,,1,Item,,,,,,,745848658_1,,,,,,,,
UPC,745849477,dollar_general,28.83,05/01/2019,,1,Item,,,,,,,745849477_1,,,,,,,,
UPC,745849975,dollar_general,136.24,05/03/2019,,1,Item,,,,,,,745849975_1,745849975_2,745849975_3,745849975_4,745849975_5,,,,
UPC,745850047,walmart,54.97,05/06/2019,,1,Item,,,,,,,745850047_1,745850047_2,,,,,,,
UPC,745850276,fred_meyer,0.38,05/07/2019,,1,Item,,,,,,,745850276_1,,,,,,,,
UPC,745850440,commissary,16.57,05/05/2019,,1,Item,,,,,,,745850440_1,,,,,,,,
UPC,745850459,walmart,9.35,05/06/2019,,1,Item,,,,,,,745850459_1,,,,,,,,
UPC,745850814,walmart,6.17,05/07/2019,,1,Item,,,,,,,745850814_1,,,,,,,,
UPC,745851533,walmart,7.57,05/07/2019,,1,Item,,,,,,,745851533_1,,,,,,,,
UPC,745851864,walmart,4.59,05/07/2019,,1,Item,,,,,,,745851864_1,,,,,,,,
UPC,745852082,walmart,48.56,05/04/2019,,1,Item,,,,,,,745852082_1,,,,,,,,
UPC,745852196,dollar_general,16.96,05/05/2019,,1,Item,,,,,,,745852196_1,,,,,,,,
UPC,745853017,walmart,119.56,05/07/2019,,1,Item,,,,,,,745853017_1,,,,,,,,
UPC,745853022,walmart,99.79,05/03/2019,,1,Item,,,,,,,745853022_1,745853022_2,,,,,,,
UPC,745853528,dollar_general,28.65,05/04/2019,,1,Item,,,,,,,745853528_1,745853528_2,,,,,,,
